1,writings
2,foul
3,four
4,reportgops
5,jihad
6,hanging
7,looking
8,electricity
9,scold
10,consulate
11,farflung
12,courtmartial
13,regional
14,candidatesa
15,fur
16,broward
17,usbritish
18,basics
19,prize
20,wednesday
21,charter
22,contracts
23,tired
24,second
25,theory
26,errors
27,relieving
28,thunder
29,fingers
30,designing
31,increasing
32,admiral
33,bgore
34,hero
35,avert
36,reporter
37,leaning
38,here
39,reported
40,china
41,conversational
42,kids
43,k
44,vicepresident
45,reports
46,military
47,criticism
48,golden
49,reenters
50,divide
51,lengthen
52,hamas
53,brought
54,stern
55,unit
56,opponents
57,dna
58,spoke
59,insecurity
60,thestruggle
61,music
62,passport
63,strike
64,highflying
65,until
66,paperwork
67,holy
68,successful
69,brings
70,hurt
71,99
72,glass
73,tying
74,91
75,90
76,93
77,hold
78,95
79,94
80,97
81,96
82,locked
83,pursue
84,rulings
85,shelve
86,revenues
87,example
88,artillery
89,currency
90,caution
91,want
92,provincial
93,travel
94,courtto
95,revisit
96,machine
97,how
98,hot
99,sharptons
100,retooled
101,turk
102,florida2
103,campaignmore
104,mueller
105,beauty
106,wrong
107,reassess
108,nonprofit
109,effective
110,wins
111,revolt
112,headquarters
113,luring
114,timers
115,keeps
116,floridas
117,democratic
118,wind
119,senators
120,vary
121,strategyspin
122,rewarded
123,welcomes
124,fit
125,lifeline
126,screaming
127,fix
128,auditors
129,survivors
130,rescued
131,nobler
132,undercut
133,enrich
134,slicing
135,schools
136,silver
137,whitman
138,burial
139,financial
140,woes
141,series
142,truman
143,message
144,finishers
145,adapt
146,rm
147,foundation
148,assured
149,threatened
150,fugitive
151,estimate
152,alert
153,cornerstone
154,competes
155,enclave
156,atm
157,kashmir
158,silicon
159,naders
160,shipped
161,resetting
162,speeds
163,unfilled
164,secondguessing
165,frontsthe
166,wash
167,175
168,basketball
169,service
170,engagement
171,needed
172,master
173,bitter
174,listen
175,collapse
176,geneva
177,cushions
178,pre911
179,senates
180,peril
181,senatoras
182,tree
183,nations
184,project
185,idle
186,endure
187,aftereffects
188,feeling
189,willingness
190,runner
191,boston
192,thaw
193,dozen
194,affairs
195,that
196,nagged
197,eagerly
198,doors
199,grips
200,concedes
201,shall
202,object
203,looming
204,swiss
205,affirmation
206,letter
207,entry
208,episode
209,professor
210,camp
211,leahy
212,mating
213,came
214,saying
215,bomb
216,reactor
217,meetings
218,qaeda
219,gauge
220,lethal
221,hungary
222,lessons
223,touches
224,busy
225,skirmishes
226,liberated
227,headline
228,theme
229,rich
230,rice
231,buchanan
232,baghdads
233,votersdemocrats
234,psychiatric
235,reversal
236,tips
237,maverick
238,economicsworking
239,release
240,earlynominee
241,respond
242,reportgore
243,blew
244,mandatory
245,disaster
246,fair
247,evolving
248,bled
249,fail
250,best
251,clarifies
252,campaigners
253,ambitions
254,lots
255,irs
256,rings
257,injuries
258,pressures
259,stamps
260,irk
261,ire
262,preserve
263,wage
264,wtr
265,men
266,parallels
267,nationwide
268,higherranking
269,defiance
270,tikrit
271,tyranny
272,accident
273,violators
274,country
275,20year
276,planned
277,logic
278,asked
279,libyan
280,exfavorite
281,2nd
282,billing
283,union
284,much
285,courtgore
286,toning
287,dots
288,life
289,moneya
290,eastern
291,worker
292,filmmaker
293,lift
294,doubts
295,1991s
296,spin
297,chill
298,commerce
299,gritty
300,presidency
301,remembering
302,vulnerability
303,canoeing
304,played
305,uday
306,taunts
307,kuwaitis
308,campaigning
309,specter
310,hone
311,damaged
312,bearhug
313,credit
314,rebellion
315,feuding
316,split
317,rebound
318,flipflops
319,rapidfire
320,tops
321,pioneers
322,tuna
323,furlough
324,academic
325,subpoena
326,echoes
327,corporate
328,veils
329,spurred
330,capitol
331,indicts
332,beset
333,plight
334,previous
335,hah
336,enters
337,democratsmany
338,ease
339,had
340,girding
341,hay
342,democratsbradley
343,easy
344,prison
345,falter
346,has
347,hat
348,survival
349,posed
350,possible
351,possibly
352,bushs
353,birth
354,shadow
355,poses
356,wreckage
357,desire
358,psychological
359,festivities
360,steps
361,battlefield
362,attorney
363,right
364,old
365,crowd
366,people
367,macabre
368,mosques
369,topping
370,consultants
371,harassment
372,usconcerns
373,enemies
374,chorus
375,for
376,fox
377,foe
378,fog
379,slivers
380,shakes
381,annan
382,shifting
383,defensive
384,poppies
385,bowing
386,shaken
387,balking
388,transcends
389,rebuffed
390,despair
391,rebut
392,nixon
393,raised
394,statements
395,son
396,undermining
397,raises
398,spores
399,pairs
400,publics
401,authorizes
402,waits
403,analysisanother
404,support
405,tame
406,joseph
407,overhead
408,probes
409,offer
410,forming
411,marchers
412,inside
413,vanguard
414,unanimous
415,lays
416,mighty
417,panels
418,passenger
419,proud
420,sight
421,disclosing
422,proves
423,decapitation
424,accounting
425,dealer
426,negotiations
427,floor
428,flood
429,role
430,ambitious
431,smell
432,roll
433,ramadi
434,governorally
435,maimed
436,muslims
437,rolling
438,explosions
439,shootout
440,98
441,time
442,push
443,corps
444,whoever
445,resources
446,activated
447,theaters
448,pollpoll
449,92
450,rousing
451,deatainees
452,addon
453,veterans
454,tenacious
455,allegations
456,mechanismalas
457,spate
458,choice
459,mourn
460,stays
461,exact
462,minute
463,1700
464,tear
465,unify
466,leave
467,settle
468,subway
469,team
470,exiraq
471,findings
472,trails
473,sign
474,adulation
475,realizing
476,current
477,remembered
478,falling
479,celebrates
480,jury
481,funeral
482,address
483,alone
484,along
485,dwindling
486,passengers
487,dusty
488,studied
489,reclaim
490,respite
491,tasks
492,love
493,bloody
494,fake
495,presidentelectbush
496,flagging
497,opposes
498,flareup
499,working
500,positive
501,angry
502,overviewa
503,by
504,wondering
505,scope
506,syrians
507,prosecutor
508,guardsman
509,afford
510,oregon
511,antimccain
512,militarymilitary
513,involve
514,abortion
515,inflamed
516,believes
517,impasse
518,values
519,stature
520,believed
521,gunfire
522,reprimands
523,mirrors
524,hides
525,allowed
526,offense
527,stole
528,monitoring
529,winter
530,savor
531,divided
532,divides
533,landmark
534,spot
535,fueled
536,date
537,data
538,stress
539,reportfor
540,yielding
541,st
542,so
543,skirmish
544,truce
545,pulled
546,insurgency
547,years
548,professors
549,stylemccain
550,shudders
551,caucasus
552,avid
553,tora
554,solace
555,ballotsgop
556,torn
557,troubles
558,tort
559,suspicion
560,troubled
561,decades
562,parades
563,limbo
564,civilian
565,nation
566,records
567,bedevil
568,suspends
569,votethe
570,quarter
571,square
572,lowkey
573,bursting
574,peacekeepers
575,minority
576,giddy
577,rounding
578,investigation
579,trauma
580,internet
581,suggesting
582,formula
583,curbs
584,siege
585,million
586,inhaled
587,possibility
588,quite
589,ontario
590,plea
591,grandma
592,quits
593,scarred
594,training
595,disguised
596,routed
597,aboard
598,routes
599,misused
600,rumsfeld
601,emotion
602,ignored
603,delawarebush
604,one
605,reopen
606,spanish
607,vote
608,open
609,exaggerations
610,city
611,wrath
612,bite
613,duval
614,indicate
615,2
616,draft
617,convene
618,cite
619,lingering
620,baseballroad
621,surges
622,proving
623,exarms
624,iceberg
625,rival
626,crossroads
627,future
628,bauer
629,recounttempers
630,russia
631,shakeup
632,prospect
633,addressing
634,illness
635,san
636,overviewjustices
637,turned
638,sad
639,say
640,buried
641,lurking
642,saw
643,aside
644,peacekeeping
645,note
646,intends
647,jefferson
648,take
649,roadside
650,destroy
651,concern
652,surfaces
653,handing
654,altered
655,buffer
656,knew
657,immigration
658,airing
659,energize
660,touchy
661,average
662,infections
663,drive
664,ways
665,jitters
666,overhauls
667,refining
668,jittery
669,laws
670,walking
671,surplus
672,hustings
673,merit
674,bright
675,scarce
676,aggressive
677,slow
678,interrogations
679,cloak
680,coaxing
681,liberation
682,tears
683,going
684,congressional
685,dispute
686,guarded
687,battalions
688,recruiters
689,awaiting
690,prime
691,hinges
692,worried
693,skyline
694,bombs
695,worries
696,marred
697,where
698,vision
699,issueshifting
700,sheathed
701,financelongtime
702,impressions
703,rages
704,sites
705,un
706,jobs
707,screen
708,adept
709,jovial
710,spare
711,jets
712,spark
713,undermine
714,concentrated
715,oust
716,mans
717,many
718,expression
719,desist
720,riddle
721,pastimes
722,mccain
723,twin
724,boomers
725,considers
726,boat
727,math
728,combines
729,cities
730,stretch
731,west
732,airliner
733,airlines
734,concede
735,motives
736,wants
737,unsafe
738,thousand
739,formed
740,curbing
741,photos
742,exsenator
743,observe
744,acquiring
745,former
746,missions
747,electoratefor
748,tinderbox
749,tribal
750,polls
751,endures
752,squeezes
753,antipolitician
754,invoking
755,policies
756,spotlight
757,penthouse
758,twists
759,dubious
760,technology
761,missiles
762,shuts
763,threatens
764,surveillance
765,definer
766,putin
767,singapore
768,defy
769,cheers
770,barber
771,gingrich
772,tracking
773,vacant
774,costs
775,trains
776,loosens
777,summer
778,processa
779,being
780,memoissue
781,rest
782,enclaves
783,fateful
784,wilier
785,omissions
786,underline
787,grounded
788,medals
789,memogores
790,contesting
791,foreboding
792,misjudgments
793,joyful
794,around
795,rejoin
796,romps
797,snarl
798,traffic
799,vacuum
800,world
801,postal
802,vague
803,clan
804,cheneys
805,democratsgore
806,memogop
807,thinks
808,casuality
809,accidental
810,tote
811,memories
812,tube
813,searing
814,tragicomedy
815,exit
816,911
817,restoring
818,governorthe
819,zest
820,antiquities
821,leadership
822,issuesbush
823,throwback
824,spotlights
825,readmit
826,industry
827,favorite
828,meal
829,retraces
830,neighbor
831,act
832,bond
833,fundraising
834,burning
835,flawed
836,image
837,homeless
838,parties
839,portrayal
840,her
841,hes
842,myths
843,sealed
844,mollify
845,warfor
846,mourns
847,survived
848,with
849,buying
850,abused
851,pull
852,rush
853,october
854,rescuing
855,rage
856,ruse
857,dirty
858,abuses
859,dependents
860,agree
861,darker
862,detailed
863,gone
864,vehicles
865,ad
866,certain
867,am
868,al
869,wartime
870,an
871,as
872,at
873,lairs
874,moroccos
875,tranquil
876,drafts
877,graduate
878,tight
879,congress
880,2005
881,gifts
882,walker
883,planners
884,extrade
885,padlock
886,groom
887,mass
888,original
889,consider
890,caused
891,beware
892,debris
893,tours
894,fairness
895,exdictator
896,reasoning
897,causes
898,hunting
899,tv
900,cheney
901,riots
902,to
903,smile
904,midwest
905,paying
906,challengerbradleys
907,bareknuckle
908,detention
909,diary
910,cobalt
911,17th
912,joined
913,large
914,sand
915,adjust
916,small
917,dutys
918,rethinks
919,mosul
920,owned
921,analysisdecision
922,penalties
923,192
924,past
925,czechs
926,pass
927,assaults
928,investment
929,clock
930,forestall
931,section
932,undecided
933,scientists
934,method
935,revealing
936,full
937,escaping
938,portrays
939,hours
940,civilians
941,november
942,abducted
943,experience
944,reshapes
945,defectors
946,pick
947,action
948,skepticism
949,vie
950,presidentgore
951,purveyors
952,pulls
953,darkens
954,coercion
955,attendance
956,citing
957,pearl
958,pitching
959,6
960,more
961,door
962,initiated
963,company
964,spoils
965,tested
966,objections
967,doom
968,evolves
969,keeping
970,science
971,installing
972,bomber
973,mall
974,sent
975,learn
976,staten
977,accept
978,states
979,fiercely
980,sense
981,dress
982,sikh
983,condemn
984,huge
985,dazzle
986,imminent
987,cling
988,dismisses
989,plant
990,plans
991,mapping
992,plane
993,waver
994,waves
995,ethics
996,plank
997,refuse
998,jiang
999,jihadist
1000,register
1001,hauling
1002,broadcasting
1003,reshape
1004,secondguess
1005,jordans
1006,trade
1007,embassy
1008,signs
1009,brig
1010,its
1011,roots
1012,laced
1013,rapidly
1014,plotters
1015,bypass
1016,ally
1017,colleague
1018,abandons
1019,unstated
1020,propose
1021,imperil
1022,armys
1023,reassured
1024,coping
1025,always
1026,truths
1027,repayment
1028,resurface
1029,found
1030,investigators
1031,airconditioner
1032,week
1033,england
1034,resolute
1035,reduce
1036,police
1037,clockwork
1038,investigated
1039,fastforward
1040,anxious
1041,missed
1042,candlelight
1043,misses
1044,plotting
1045,salute
1046,senateflorida
1047,demurs
1048,pitfalls
1049,murmur
1050,rises
1051,director
1052,owners
1053,offsite
1054,major
1055,rooted
1056,recruiting
1057,contender
1058,number
1059,glitter
1060,differ
1061,heads
1062,guest
1063,jet
1064,arlington
1065,threatening
1066,litany
1067,jeb
1068,philanthropy
1069,moneyperks
1070,immediate
1071,firefigher
1072,consult
1073,focusing
1074,inferno
1075,obama
1076,iranian
1077,defends
1078,patchwork
1079,dismantling
1080,marriage
1081,remembers
1082,fights
1083,defect
1084,guarding
1085,sell
1086,shiites
1087,vulnerabilities
1088,reliance
1089,also
1090,internal
1091,analysisgiving
1092,6year
1093,play
1094,bioterrors
1095,swiftly
1096,unused
1097,brooklyn
1098,ducts
1099,plan
1100,defections
1101,accepting
1102,seize
1103,sometimes
1104,cover
1105,barred
1106,cultivating
1107,barren
1108,attacking
1109,bradleys
1110,desklength
1111,accommodations
1112,midwestern
1113,defended
1114,session
1115,overwhelmed
1116,occupation
1117,impact
1118,airdefense
1119,detaining
1120,failed
1121,bastion
1122,factor
1123,columns
1124,giants
1125,banned
1126,informants
1127,remedy
1128,interviews
1129,preparing
1130,reporters
1131,banner
1132,distraction
1133,enemy
1134,adapts
1135,sleeve
1136,tumult
1137,cry
1138,proclaim
1139,surrendering
1140,couriers
1141,obscure
1142,river
1143,insane
1144,delicately
1145,set
1146,overwhelm
1147,carrying
1148,potent
1149,see
1150,frontrunner
1151,sea
1152,institutes
1153,unsettling
1154,muted
1155,exnfl
1156,rejecting
1157,dueling
1158,somber
1159,rite
1160,thrive
1161,europe
1162,candor
1163,78th
1164,brewing
1165,peacetime
1166,death
1167,legislature
1168,prospects
1169,last
1170,influential
1171,barely
1172,tropps
1173,scamp
1174,let
1175,approve
1176,bell
1177,frontwith
1178,acted
1179,gadfly
1180,community
1181,unelectable
1182,agents
1183,church
1184,indefinite
1185,devil
1186,monthly
1187,pullback
1188,convicted
1189,suburbs
1190,assassinated
1191,treatment
1192,firm
1193,01
1194,fire
1195,insidera
1196,mine
1197,fund
1198,races
1199,awake
1200,systematic
1201,insiders
1202,towns
1203,struck
1204,presses
1205,handling
1206,uncertain
1207,expanded
1208,budget
1209,pressed
1210,error
1211,budged
1212,styles
1213,pound
1214,hoping
1215,backing
1216,vow
1217,35
1218,vox
1219,chase
1220,read
1221,pillagers
1222,virtually
1223,platformdraft
1224,5201
1225,levels
1226,tobacco
1227,recent
1228,leapfrog
1229,elec
1230,picks
1231,person
1232,foulup
1233,looted
1234,woodward
1235,blur
1236,militiamen
1237,arrests
1238,ousting
1239,kucinich
1240,outstrips
1241,surprises
1242,fitting
1243,signals
1244,eager
1245,parents
1246,location
1247,homeland
1248,relevance
1249,cordon
1250,indonesian
1251,victims
1252,emergency
1253,demands
1254,couple
1255,wives
1256,quest
1257,abound
1258,projects
1259,sorting
1260,imposed
1261,reassures
1262,consensus
1263,continue
1264,yields
1265,tunnels
1266,tribes
1267,privately
1268,reelection
1269,methods
1270,senate
1271,unloved
1272,drawnout
1273,limb
1274,palm
1275,mideast
1276,scandal
1277,sprint
1278,religion
1279,democracys
1280,be
1281,idealistic
1282,grannies
1283,agreement
1284,departures
1285,output
1286,analysisgrand
1287,shadings
1288,anything
1289,melbourne
1290,ambush
1291,capitols
1292,irked
1293,clinton
1294,colorado
1295,terrorists
1296,hometown
1297,into
1298,awaited
1299,osama
1300,ladens
1301,contributor
1302,iraqkuwait
1303,criticisms
1304,retrieving
1305,spending
1306,exposed
1307,bargaining
1308,submit
1309,occupy
1310,crackdown
1311,voteflorida
1312,suit
1313,spar
1314,opens
1315,strives
1316,blueprint
1317,fragmented
1318,elsewhere
1319,inches
1320,jewish
1321,relaxed
1322,tally
1323,campaignattack
1324,vowing
1325,overviewjudge
1326,link
1327,atom
1328,line
1329,nationbuilding
1330,fades
1331,cia
1332,democratstwo
1333,countygops
1334,up
1335,us
1336,morocco
1337,preemptive
1338,faded
1339,alarm
1340,aerial
1341,influence
1342,haunt
1343,diverse
1344,presidentvice
1345,defines
1346,phantom
1347,950
1348,edwards
1349,uranium
1350,swirl
1351,sails
1352,revision
1353,lashing
1354,prosecution
1355,sides
1356,leaflets
1357,land
1358,fighter
1359,age
1360,holes
1361,summit
1362,inaccuracy
1363,fresh
1364,having
1365,code
1366,illustrates
1367,broaden
1368,results
1369,soften
1370,softer
1371,stops
1372,broader
1373,centers
1374,numbersground
1375,turkish
1376,concerned
1377,young
1378,send
1379,workaday
1380,haircuts
1381,indicating
1382,garden
1383,torture
1384,continues
1385,reopened
1386,busharraf
1387,abduction
1388,perks
1389,magic
1390,harbor
1391,eve
1392,fewer
1393,try
1394,race
1395,pledge
1396,finalsection
1397,overshadows
1398,tunisian
1399,copter
1400,recruitment
1401,video
1402,munitions
1403,dynamics
1404,odd
1405,victor
1406,waning
1407,toughens
1408,indian
1409,flowing
1410,expresses
1411,firms
1412,chamberno
1413,proliferation
1414,led
1415,leg
1416,panelists
1417,punch
1418,resisting
1419,poverty
1420,great
1421,engage
1422,uneasy
1423,receive
1424,involved
1425,survey
1426,defeat
1427,opinion
1428,residents
1429,makes
1430,maker
1431,counsels
1432,governorciting
1433,tools
1434,standing
1435,confidence
1436,whistleblowing
1437,zip
1438,recalling
1439,illegal
1440,bush
1441,next
1442,doubt
1443,midday
1444,baffled
1445,disarming
1446,opposing
1447,sharply
1448,baby
1449,payrolls
1450,charity
1451,practicing
1452,this
1453,challenge
1454,insists
1455,pour
1456,prompts
1457,thin
1458,drill
1459,stategy
1460,plug
1461,wedge
1462,process
1463,911s
1464,slim
1465,pieces
1466,high
1467,nears
1468,slip
1469,martyr
1470,weaken
1471,shuffled
1472,destroying
1473,delay
1474,escalating
1475,insistent
1476,mysteries
1477,reactionbush
1478,blocks
1479,await
1480,tied
1481,halted
1482,notebook
1483,ties
1484,upstate
1485,tomato
1486,realized
1487,regains
1488,counter
1489,reminders
1490,element
1491,allow
1492,volunteers
1493,boxing
1494,produces
1495,move
1496,doubtful
1497,produced
1498,directs
1499,operative
1500,warren
1501,perfect
1502,chosen
1503,curses
1504,dispose
1505,thieves
1506,scenerivals
1507,stalled
1508,hijackers
1509,derelict
1510,bolting
1511,designs
1512,animal
1513,dock
1514,kiss
1515,voterspresidential
1516,caucuses
1517,outlines
1518,presidential
1519,sniffing
1520,bushmccain
1521,truth
1522,fields
1523,rising
1524,beneath
1525,luster
1526,traces
1527,enigmatic
1528,bump
1529,society
1530,books
1531,jagged
1532,bioterror
1533,witness
1534,populace
1535,bad
1536,evacuation
1537,britons
1538,burka
1539,shut
1540,perish
1541,grilled
1542,regulators
1543,surely
1544,thrust
1545,scary
1546,spill
1547,could
1548,scars
1549,david
1550,length
1551,hussein
1552,repeats
1553,scene
1554,feasts
1555,straining
1556,scent
1557,buoyed
1558,legislative
1559,sharon
1560,los
1561,ordering
1562,detailing
1563,system
1564,challeged
1565,damato
1566,precautionary
1567,vetoes
1568,evacuated
1569,interests
1570,enforcement
1571,vigorous
1572,stars
1573,chagrin
1574,gotcha
1575,beatings
1576,elite
1577,haven
1578,steel
1579,warfare
1580,reacted
1581,tortured
1582,listeners
1583,decided
1584,disband
1585,briefing
1586,steep
1587,hatreds
1588,accusing
1589,false
1590,partnership
1591,reassuring
1592,strategiesnegative
1593,defending
1594,matebush
1595,ponders
1596,clearly
1597,documents
1598,koreas
1599,4000
1600,studying
1601,awed
1602,49000
1603,lindh
1604,korean
1605,questhis
1606,toughest
1607,warily
1608,asserts
1609,visa
1610,ignites
1611,bred
1612,thanksgiving
1613,enlist
1614,countygore
1615,scrap
1616,fact
1617,assassinations
1618,terminate
1619,bring
1620,oneonone
1621,rough
1622,economist
1623,brink
1624,decade
1625,taps
1626,pause
1627,jay
1628,samarra
1629,mute
1630,softens
1631,terminal
1632,bombings
1633,tape
1634,riding
1635,mayors
1636,hope
1637,insight
1638,bonds
1639,familiar
1640,lucky
1641,exchanges
1642,ballotflorida
1643,shaping
1644,bribes
1645,committees
1646,h
1647,wrestles
1648,taxes
1649,vying
1650,stuff
1651,ohio
1652,rein
1653,favoring
1654,withstand
1655,frame
1656,andover
1657,edition
1658,electors
1659,packed
1660,wire
1661,extend
1662,nuclear
1663,partisan
1664,unravel
1665,nominees
1666,email
1667,shiite
1668,ends
1669,explosive
1670,countytempers
1671,dogging
1672,revived
1673,defied
1674,weary
1675,absentee
1676,restrictions
1677,challengers
1678,invited
1679,supplants
1680,marathoners
1681,drug
1682,figures
1683,relationsseeking
1684,precedentfor
1685,revamp
1686,whispering
1687,labor
1688,rougher
1689,debt
1690,outsider
1691,repatriation
1692,genetic
1693,marsh
1694,louisiana
1695,chastised
1696,rioting
1697,sales
1698,qaedairaq
1699,uns
1700,blackmarket
1701,lawlessness
1702,swindling
1703,spain
1704,yorkmccain
1705,theyve
1706,militarybush
1707,discoveries
1708,britains
1709,delaying
1710,site
1711,flattax
1712,rips
1713,vs
1714,optimistic
1715,sits
1716,ransom
1717,terrorist
1718,romance
1719,concealed
1720,digging
1721,terrorism
1722,twoday
1723,conflicting
1724,ball
1725,balk
1726,bali
1727,drink
1728,yearend
1729,sadr
1730,dust
1731,subtext
1732,afghan
1733,expand
1734,audit
1735,off
1736,pows
1737,indonesia
1738,patterns
1739,command
1740,350
1741,drawing
1742,restructure
1743,softening
1744,less
1745,moments
1746,glut
1747,analysissharp
1748,rooms
1749,onedoorbellonevote
1750,web
1751,wed
1752,residential
1753,arrest
1754,exgovernor
1755,coattails
1756,englandmccain
1757,villagers
1758,increased
1759,government
1760,falters
1761,whispers
1762,increases
1763,five
1764,desk
1765,belgium
1766,blindfolded
1767,issues2
1768,inexperienced
1769,replacement
1770,poor
1771,najaf
1772,gushes
1773,choosing
1774,flush
1775,ballot
1776,transport
1777,libyans
1778,avoid
1779,slipping
1780,demonstrators
1781,anguished
1782,does
1783,keystone
1784,jordanians
1785,forgiven
1786,blurry
1787,slower
1788,blowing
1789,schedule
1790,pressure
1791,wields
1792,fetid
1793,counties
1794,hiding
1795,gained
1796,asks
1797,face
1798,laboring
1799,angeles
1800,concession
1801,revise
1802,centrist
1803,alliance
1804,letters
1805,coverage
1806,referendum
1807,assess
1808,lung
1809,thwart
1810,stocks
1811,housing
1812,spots
1813,frustration
1814,building
1815,36th
1816,moussaoui
1817,delivery
1818,lowered
1819,delivers
1820,candidacy
1821,applause
1822,count
1823,places
1824,official
1825,smooth
1826,mistranslation
1827,tosses
1828,exbush
1829,distribution
1830,profusion
1831,bearing
1832,scenefor
1833,rubble
1834,slowing
1835,ins
1836,selectiongatekeeper
1837,plundered
1838,variety
1839,deadly
1840,details
1841,repeat
1842,monday
1843,footprints
1844,dismantle
1845,chance
1846,mastermind
1847,exposure
1848,ghost
1849,parttime
1850,rule
1851,cuny
1852,compete
1853,announces
1854,rural
1855,child
1856,swirls
1857,cias
1858,commandos
1859,integrity
1860,worked
1861,votes
1862,voter
1863,unanimity
1864,voted
1865,postmortem
1866,worth
1867,partys
1868,compassion
1869,blanket
1870,sellers
1871,governorloyalty
1872,tickets
1873,bewildered
1874,investigator
1875,pinch
1876,spotinvisible
1877,delegate
1878,deadline
1879,reinvent
1880,triumph
1881,dwindles
1882,machines
1883,stardom
1884,qaddafi
1885,above
1886,toll
1887,churches
1888,officially
1889,told
1890,scaleddown
1891,sinks
1892,revels
1893,richest
1894,protection
1895,pursuit
1896,celebration
1897,stresses
1898,daughter
1899,rigorously
1900,study
1901,envoy
1902,anchor
1903,stressed
1904,pledged
1905,whitewater
1906,secure
1907,search
1908,charred
1909,highly
1910,shun
1911,archaeological
1912,thursday
1913,hindsight
1914,total
1915,plot
1916,characteron
1917,indians
1918,chooses
1919,insult
1920,usinstalled
1921,renovations
1922,zeroes
1923,reign
1924,it
1925,regrouping
1926,sobering
1927,secular
1928,pierces
1929,allies
1930,blocking
1931,1991
1932,1993
1933,1992
1934,word
1935,1996
1936,1998
1937,work
1938,refusing
1939,worn
1940,theories
1941,era
1942,shoebomb
1943,indicated
1944,cited
1945,india
1946,indicates
1947,cites
1948,79000
1949,recovery
1950,provide
1951,agony
1952,song
1953,nuts
1954,conventiontown
1955,far
1956,allied
1957,interview
1958,cleanair
1959,likability
1960,gamble
1961,bares
1962,after
1963,memorial
1964,lab
1965,halliburton
1966,lax
1967,lay
1968,law
1969,lap
1970,governorrepublican
1971,elusive
1972,green
1973,order
1974,office
1975,defenders
1976,jabs
1977,debatein
1978,japan
1979,mayor
1980,bombing
1981,highlights
1982,lifeanddeath
1983,savors
1984,production
1985,brawling
1986,governorwith
1987,valor
1988,then
1989,them
1990,bans
1991,presidencies
1992,safe
1993,collide
1994,touring
1995,break
1996,roommate
1997,coffer
1998,they
1999,bank
2000,bread
2001,rocky
2002,gallows
2003,relishes
2004,doles
2005,classified
2006,feeds
2007,lifted
2008,crimes
2009,builts
2010,flock
2011,sprints
2012,network
2013,cameras
2014,diesel
2015,daniel
2016,remorse
2017,medicine
2018,forth
2019,disputed
2020,veto
2021,lawless
2022,standard
2023,campaigns
2024,appointments
2025,disputes
2026,certified
2027,morass
2028,staggers
2029,created
2030,chirac
2031,creates
2032,renew
2033,oppose
2034,footsteps
2035,kin
2036,daunting
2037,immolation
2038,another
2039,implicated
2040,tangle
2041,electronic
2042,rejects
2043,protracted
2044,plentiful
2045,compromise
2046,wifetipper
2047,john
2048,dogs
2049,vicepresidential
2050,albert
2051,rejected
2052,rebuff
2053,target
2054,scenes
2055,binds
2056,air2
2057,guilt
2058,adopts
2059,powers
2060,minus
2061,haves
2062,rewrite
2063,portraits
2064,pessimism
2065,stalls
2066,forced
2067,ponder
2068,strength
2069,laden
2070,casual
2071,elation
2072,practices
2073,luxury
2074,forces
2075,pilgrimage
2076,middleclass
2077,sue
2078,anatomy
2079,extending
2080,germany
2081,scripts
2082,phase
2083,detains
2084,grave
2085,newcomers
2086,voting
2087,notion
2088,reserve
2089,subtly
2090,brief
2091,subtle
2092,sleuths
2093,guidance
2094,appended
2095,blighted
2096,screening
2097,pursuing
2098,adequate
2099,do
2100,gores
2101,ardor
2102,haunted
2103,nasty
2104,dr
2105,rebirth
2106,runs
2107,insurgents
2108,steal
2109,secretary
2110,peshawar
2111,observer
2112,partiesparties
2113,takeout
2114,frontline
2115,draws
2116,away
2117,appealing
2118,tainted
2119,cooperation
2120,drawn
2121,caves
2122,qusay
2123,accord
2124,terms
2125,familygores
2126,clues
2127,foes
2128,ill
2129,parries
2130,receives
2131,exceeds
2132,requests
2133,vengeful
2134,widen
2135,engulfs
2136,seizure
2137,tons
2138,wider
2139,wides
2140,refill
2141,broadens
2142,speak
2143,gratitude
2144,broadening
2145,iraq
2146,issueexperts
2147,sachs
2148,drafting
2149,dozens
2150,warmth
2151,duties
2152,families
2153,beloved
2154,attacked
2155,analysisnow
2156,iraqsyria
2157,selfcontrolled
2158,applied
2159,east
2160,harms
2161,conviction
2162,gentle
2163,air
2164,aim
2165,aid
2166,voice
2167,exofficial
2168,weakens
2169,sting
2170,exile
2171,wooing
2172,patent
2173,deepens
2174,workingclass
2175,indictment
2176,convictions
2177,coercive
2178,arent
2179,independent
2180,raid
2181,afganistan
2182,unready
2183,issuebush
2184,balkan
2185,rail
2186,evil
2187,hand
2188,liberties
2189,usbased
2190,demolishes
2191,faiths
2192,blamed
2193,vermont
2194,kept
2195,humble
2196,taint
2197,issuesmccain
2198,hispanic
2199,client
2200,sandbags
2201,reichstag
2202,the
2203,camps
2204,epa
2205,82nd
2206,unified
2207,traditions
2208,photo
2209,thanks
2210,victim
2211,adding
2212,chided
2213,hills
2214,spread
2215,board
2216,arab
2217,boxes
2218,designers
2219,retreat
2220,insurgent
2221,erodes
2222,night
2223,lapses
2224,security
2225,worldwide
2226,honored
2227,lashes
2228,sends
2229,born
2230,bora
2231,forgotten
2232,denies
2233,cede
2234,navys
2235,humor
2236,misled
2237,asking
2238,beating
2239,pose
2240,ply
2241,angering
2242,architectural
2243,post
2244,jurors
2245,rallying
2246,diner
2247,theirs
2248,months
2249,accepts
2250,gentler
2251,horizon
2252,tonights
2253,dilemma
2254,exiraqi
2255,mantle
2256,mailroom
2257,analysis2
2258,kempgore
2259,profession
2260,bound
2261,gearing
2262,formidable
2263,miamidade
2264,conciliation
2265,iraqus
2266,stumble
2267,deception
2268,legislation
2269,fight
2270,presidencyfew
2271,way
2272,was
2273,war
2274,90day
2275,becoming
2276,strategybruised
2277,ceded
2278,peninsula
2279,observances
2280,dead
2281,analysisa
2282,true
2283,bypassing
2284,responding
2285,industrybefore
2286,captive
2287,unthinkable
2288,crystal
2289,anew
2290,vatican
2291,mta
2292,promises
2293,medication
2294,inclusive
2295,evidence
2296,prayer
2297,floridians
2298,archive
2299,overviewas
2300,dying
2301,stake
2302,reality
2303,cliffhanger
2304,shrine
2305,holding
2306,test
2307,shrink
2308,pulitzers
2309,brothers
2310,welcome
2311,update
2312,establish
2313,scores
2314,funerals
2315,together
2316,loyal
2317,uprisings
2318,tribunals
2319,diplomacy
2320,dance
2321,brotherinlaw
2322,global
2323,switches
2324,grateful
2325,battle
2326,idealism
2327,killings
2328,zone
2329,offcourse
2330,honoring
2331,hums
2332,campaignmeeting
2333,flash
2334,dissatisfied
2335,terror
2336,division
2337,pays
2338,selfcriticism
2339,liability
2340,anonymous
2341,trouble
2342,blast
2343,turns
2344,fragile
2345,warcrime
2346,gun
2347,guy
2348,brave
2349,regained
2350,fortness
2351,courton
2352,coalition
2353,cost
2354,delegatespoll
2355,yorks
2356,cargo
2357,appear
2358,assistance
2359,countsdemocrats
2360,votersindependents
2361,shares
2362,rome
2363,shared
2364,appeal
2365,supporting
2366,explosion
2367,analysisiowa
2368,muslim
2369,unregulated
2370,fractious
2371,gorge
2372,combatant
2373,teacher
2374,change
2375,sending
2376,coerced
2377,trial
2378,kemp
2379,patriotic
2380,ancient
2381,homecoming
2382,retired
2383,extra
2384,sharpton
2385,marked
2386,uphill
2387,italians
2388,penalized
2389,fbi
2390,should
2391,market
2392,jan
2393,remaking
2394,prove
2395,unimpressed
2396,resigns
2397,ayatollah
2398,live
2399,homestretch
2400,intently
2401,commissioner
2402,towers
2403,clue
2404,depots
2405,graphic
2406,defeats
2407,car
2408,preliminaries
2409,purge
2410,incidents
2411,can
2412,spy
2413,citizens
2414,hears
2415,pauses
2416,expanding
2417,chit
2418,topic
2419,heard
2420,chin
2421,pragmatists
2422,spreads
2423,freezes
2424,write
2425,nowhere
2426,flank
2427,strays
2428,nonstop
2429,economy
2430,escalate
2431,sacrifice
2432,southern
2433,unobtrusive
2434,brazen
2435,jousting
2436,produce
2437,heroes
2438,nomination
2439,lifting
2440,noses
2441,trumpets
2442,futures
2443,berets
2444,offend
2445,fireball
2446,worsens
2447,embassies
2448,serving
2449,terrorfund
2450,forfeit
2451,haircut
2452,aiding
2453,ended
2454,notguilty
2455,affirms
2456,cold
2457,still
2458,no2
2459,ethic
2460,acknowledge
2461,reacting
2462,window
2463,feats
2464,beginsas
2465,halt
2466,nod
2467,reject
2468,taliban
2469,half
2470,not
2471,opinionpoll
2472,now
2473,provision
2474,hall
2475,nor
2476,wont
2477,lies
2478,january
2479,drop
2480,tacticshow
2481,fired
2482,challenged
2483,racein
2484,challenges
2485,challenger
2486,fires
2487,replay
2488,year
2489,hurries
2490,naming
2491,calling
2492,monitors
2493,opened
2494,bullish
2495,space
2496,antiwar
2497,increase
2498,shows
2499,rebuilding
2500,defenses
2501,advantages
2502,rebel
2503,marine
2504,inevitable
2505,scarcity
2506,care
2507,transition
2508,tries
2509,british
2510,tangled
2511,thankfulness
2512,promotion
2513,blind
2514,romania
2515,striking
2516,ring
2517,tomorrow
2518,size
2519,exrebel
2520,checked
2521,silent
2522,caught
2523,analysison
2524,friend
2525,pomp
2526,mostly
2527,beltway
2528,brains
2529,reportrivals
2530,probush
2531,inmates
2532,tehran
2533,eliminated
2534,flowers
2535,than
2536,television
2537,threads
2538,crack
2539,recruit
2540,optimism
2541,decisionfor
2542,retracing
2543,sublime
2544,investors
2545,correction
2546,premier
2547,slap
2548,crossover
2549,anger
2550,nuanced
2551,overcoming
2552,equipment
2553,online
2554,begin
2555,floridapalm
2556,price
2557,rationale
2558,america
2559,43000
2560,forever
2561,bishops
2562,steady
2563,mrs
2564,pattern
2565,german
2566,fifth
2567,ground
2568,upgrade
2569,only
2570,pollsters
2571,soon
2572,billiondollar
2573,baghdad
2574,cannot
2575,celebrate
2576,seldom
2577,keyed
2578,boardselections
2579,backfiring
2580,spore
2581,elected
2582,asleep
2583,faceless
2584,europeans
2585,suspects
2586,tackling
2587,feuds
2588,seekers
2589,justifies
2590,3
2591,skyscraper
2592,between
2593,justified
2594,developer
2595,notice
2596,pluck
2597,blame
2598,hurts
2599,comeback
2600,perceptions
2601,talented
2602,fliers
2603,ballpark
2604,newfound
2605,wheels
2606,comes
2607,nearby
2608,150
2609,overview
2610,jeans
2611,governorfocus
2612,looms
2613,learning
2614,repackaging
2615,profitsin
2616,punishes
2617,undercuts
2618,harmless
2619,rebuild
2620,rotting
2621,dangers
2622,antiabortion
2623,informer
2624,shortages
2625,wounds
2626,protections
2627,stems
2628,suspected
2629,realities
2630,these
2631,chinatown
2632,scud
2633,soil
2634,consults
2635,commander
2636,canceled
2637,embrace
2638,galore
2639,kenya
2640,bridgehead
2641,worry
2642,develop
2643,media
2644,medic
2645,ceo
2646,inquiry
2647,angered
2648,document
2649,finish
2650,tradition
2651,theater
2652,charges
2653,coordinate
2654,charged
2655,taxi
2656,lawflorida
2657,dancers
2658,touch
2659,speed
2660,hunted
2661,renewed
2662,gloating
2663,mournful
2664,momentum
2665,real
2666,rules
2667,ruler
2668,stung
2669,calendars
2670,early
2671,politely
2672,culprits
2673,using
2674,execution
2675,lady
2676,stuns
2677,ruled
2678,martyrs
2679,unbowed
2680,endorses
2681,fully
2682,captial
2683,endorsed
2684,prairie
2685,apartments
2686,envoys
2687,exposes
2688,oscars
2689,passions
2690,recorded
2691,conservative
2692,deficit
2693,ohios
2694,assembly
2695,business
2696,sixth
2697,strained
2698,unease
2699,credits
2700,interrogators
2701,central
2702,paints
2703,ideology
2704,journey
2705,testimony
2706,barrels
2707,outlook
2708,protests
2709,inclusion
2710,latenight
2711,shrinking
2712,log
2713,prepare
2714,area
2715,slayings
2716,start
2717,low
2718,lot
2719,faulted
2720,930
2721,smuggling
2722,delayed
2723,trying
2724,fraud
2725,analysisclear
2726,tones
2727,illnesses
2728,600
2729,arabs
2730,describe
2731,moved
2732,1200
2733,aftershocks
2734,courtshearing
2735,moves
2736,hospitals
2737,maserati
2738,mediaonce
2739,credibility
2740,anarchy
2741,valid
2742,you
2743,forcing
2744,gaining
2745,60s
2746,perils
2747,peas
2748,whistling
2749,blackedout
2750,massachusetts
2751,suited
2752,pool
2753,fiscal
2754,mourned
2755,finished
2756,stockpile
2757,profits
2758,doubted
2759,embracing
2760,overseas
2761,strings
2762,since
2763,pointing
2764,groundwork
2765,splitting
2766,month
2767,unrest
2768,upholds
2769,religious
2770,fizzles
2771,refocus
2772,erects
2773,fervor
2774,clerics
2775,sustain
2776,pledges
2777,iraqpresident
2778,relieve
2779,divisions
2780,very
2781,horror
2782,robes
2783,souls
2784,rogue
2785,balancing
2786,mps
2787,decide
2788,laura
2789,retrial
2790,louis
2791,mild
2792,circuit
2793,beginsexpanded
2794,fence
2795,somberly
2796,streets
2797,nearing
2798,heralds
2799,wisconsin
2800,envisions
2801,blairs
2802,apologizes
2803,investing
2804,emotions
2805,witnesses
2806,learned
2807,turmoil
2808,iran
2809,recruits
2810,loose
2811,answers
2812,uneven
2813,basra
2814,strong
2815,analysisan
2816,arena
2817,ahead
2818,stageforbes
2819,inspired
2820,losses
2821,soldier
2822,base
2823,advertising
2824,sealing
2825,helps
2826,lackawanna
2827,trainer
2828,shuffle
2829,family
2830,mediator
2831,ask
2832,presidental
2833,aimed
2834,trained
2835,gunmen
2836,honing
2837,flaws
2838,takes
2839,0
2840,chaotic
2841,girds
2842,seminole
2843,taken
2844,lowering
2845,erode
2846,issuebasic
2847,hurry
2848,producing
2849,weighed
2850,pataki
2851,sweeps
2852,offended
2853,budgets
2854,reshaping
2855,courtsand
2856,yemen
2857,history
2858,projectionthe
2859,persists
2860,pushes
2861,giulianis
2862,stinging
2863,boycott
2864,pushed
2865,campaignfor
2866,exclude
2867,arabic
2868,firmly
2869,oratory
2870,stymie
2871,warhead
2872,spreadsheet
2873,stayed
2874,jihads
2875,clarks
2876,tried
2877,triumphs
2878,roadblocks
2879,denial
2880,syria
2881,invasion
2882,a
2883,criticize
2884,deluge
2885,fa√ßade
2886,bugs
2887,dream
2888,lynch
2889,help
2890,charities
2891,held
2892,preempt
2893,helm
2894,hell
2895,limelight
2896,discloses
2897,botched
2898,solving
2899,reluctance
2900,teeming
2901,systems
2902,pleads
2903,food
2904,sweeping
2905,develops
2906,imprisoned
2907,ifs
2908,veering
2909,ickes
2910,capability
2911,stopped
2912,heavy
2913,restless
2914,bickering
2915,kidnapping
2916,inspections
2917,beyond
2918,event
2919,dominates
2920,miss
2921,robert
2922,surrounded
2923,testify
2924,publish
2925,safety
2926,7
2927,issue
2928,overturns
2929,campin
2930,passes
2931,favored
2932,toiling
2933,labs
2934,houses
2935,reason
2936,heroin
2937,dire
2938,put
2939,turnout
2940,bash
2941,blames
2942,uprooted
2943,zarqawi
2944,launch
2945,sheiks
2946,americas
2947,american
2948,wiretaps
2949,turnoutbig
2950,arsenal
2951,errs
2952,unexpected
2953,visions
2954,horse
2955,airborne
2956,scholars
2957,station
2958,identity
2959,hindered
2960,scheme
2961,bechtel
2962,shifted
2963,selling
2964,passed
2965,bushkerry
2966,jordan
2967,issuegore
2968,presidentbradley
2969,norms
2970,flattery
2971,ste
2972,grocery
2973,grew
2974,autumn
2975,pollamericans
2976,toward
2977,ousted
2978,builder
2979,sentenced
2980,deciding
2981,overstate
2982,airstrike
2983,vulnerable
2984,lie
2985,adrift
2986,retracted
2987,cave
2988,officers
2989,camouflage
2990,longvanished
2991,eater
2992,plunder
2993,experiences
2994,approved
2995,recasting
2996,loopholes
2997,clear
2998,broadened
2999,electrons
3000,intercepting
3001,latest
3002,fbis
3003,stalked
3004,stunned
3005,fiercest
3006,twoyear
3007,sheik
3008,wounded
3009,northern
3010,justice
3011,flesh
3012,assertion
3013,flights
3014,circle
3015,reap
3016,topranked
3017,dominant
3018,meanwhile
3019,financing
3020,feels
3021,during
3022,intensify
3023,alexander
3024,aristide
3025,boost
3026,retaliation
3027,gloves
3028,double
3029,hobbled
3030,battlegrounds
3031,prague
3032,culture
3033,protecting
3034,close
3035,deploying
3036,probable
3037,democratstough
3038,tolls
3039,woo
3040,won
3041,countys
3042,probably
3043,conditions
3044,pictured
3045,missing
3046,readying
3047,invisible
3048,hardline
3049,league
3050,secrets
3051,gaunt
3052,sensitive
3053,canadians
3054,overviewiowans
3055,headed
3056,hews
3057,onus
3058,described
3059,stamp
3060,describes
3061,airstrikes
3062,threaten
3063,territory
3064,empty
3065,sanders
3066,dialogue
3067,lived
3068,regroup
3069,mustsell
3070,else
3071,logjam
3072,lives
3073,coalitions
3074,bidding
3075,voterslast
3076,assigning
3077,whitewaters
3078,loom
3079,look
3080,canadian
3081,governor
3082,pace
3083,while
3084,match
3085,guide
3086,flees
3087,pack
3088,10000
3089,voters
3090,overlooked
3091,rulers
3092,ready
3093,presidentwith
3094,makeshift
3095,discredit
3096,grand
3097,conflict
3098,used
3099,lawyers
3100,ratings
3101,bonus
3102,blair
3103,journeyafter
3104,governorbush
3105,dims
3106,uses
3107,exaides
3108,brussels
3109,kurdish
3110,vitriol
3111,older
3112,haul
3113,chronicles
3114,yearlong
3115,savvy
3116,mobs
3117,ambassador
3118,judgments
3119,courtspotlight
3120,deployment
3121,overflows
3122,reviewed
3123,retirement
3124,sprinter
3125,guaranteed
3126,shortcut
3127,ballots
3128,guarantees
3129,transformation
3130,march
3131,lacking
3132,defies
3133,showing
3134,game
3135,carolinabig
3136,damage
3137,challeneged
3138,signal
3139,strife
3140,popular
3141,parade
3142,radicalism
3143,fathers
3144,some
3145,urgent
3146,economic
3147,erupts
3148,qatar
3149,pounding
3150,civilization
3151,iowas
3152,memobush
3153,approves
3154,claimed
3155,run
3156,rub
3157,processing
3158,lakes
3159,rue
3160,step
3161,plots
3162,taboo
3163,abroad
3164,wealth
3165,faith
3166,tracing
3167,lieberman
3168,governorgore
3169,hinge
3170,messaging
3171,block
3172,gastax
3173,disclosure
3174,enduring
3175,within
3176,pentagon
3177,rolls
3178,computer
3179,renewal
3180,placing
3181,visas
3182,79
3183,sinai
3184,himself
3185,russias
3186,bolsters
3187,authority
3188,russian
3189,collapses
3190,ceremonies
3191,policygore
3192,persisting
3193,stumbling
3194,sifting
3195,politic
3196,hesitantly
3197,popularity
3198,ordered
3199,karbala
3200,seethe
3201,dashed
3202,fears
3203,rewriting
3204,politicians
3205,preflight
3206,department
3207,manhattan
3208,arithmetic
3209,draw
3210,reportedly
3211,kansas
3212,resign
3213,regulations
3214,militants
3215,restrained
3216,notch
3217,tubes
3218,youtube
3219,depth
3220,heats
3221,requires
3222,doortodoor
3223,psyche
3224,proposition
3225,go
3226,gi
3227,journeys
3228,mosque
3229,suits
3230,attackers
3231,passion
3232,friendly
3233,rebukes
3234,wave
3235,telling
3236,tenet
3237,excruciating
3238,quayle
3239,gender
3240,verdict
3241,frays
3242,inspection
3243,carter
3244,riyadh
3245,punishing
3246,boots
3247,redone
3248,kirkuk
3249,honors
3250,poke
3251,plays
3252,colonel
3253,cell
3254,volatile
3255,focuses
3256,filings
3257,stance
3258,pluribus
3259,defector
3260,following
3261,quell
3262,focused
3263,kidnapped
3264,redrawn
3265,arrive
3266,kissinger
3267,withdrawing
3268,haunts
3269,641
3270,640
3271,repel
3272,overseer
3273,nameless
3274,behead
3275,examining
3276,foresee
3277,addresses
3278,airspace
3279,danger
3280,pitch
3281,win
3282,manage
3283,buildup
3284,comers
3285,cloud
3286,expresidents
3287,remains
3288,hudson
3289,predict
3290,means
3291,stage
3292,reflects
3293,payout
3294,started
3295,becomes
3296,salvages
3297,missile
3298,israelis
3299,testifies
3300,disabling
3301,crosses
3302,sanctions
3303,somali
3304,ride
3305,recession
3306,mexicobush
3307,meet
3308,drops
3309,control
3310,beijing
3311,unveiled
3312,links
3313,escapes
3314,battlegroundevangelist
3315,broadsides
3316,sought
3317,publicity
3318,overviewin
3319,skirt
3320,friendlier
3321,ambivalence
3322,mazarisharif
3323,embellished
3324,fare
3325,outdid
3326,chiefs
3327,agendas
3328,preparty
3329,advocates
3330,agenda
3331,bathing
3332,strategiesstunned
3333,ashcrofts
3334,including
3335,mentioned
3336,newsweek
3337,helicopters
3338,guerrilla
3339,backers
3340,him
3341,koreans
3342,polygraph
3343,perots
3344,hands
3345,front
3346,literacy
3347,masters
3348,fundraisers
3349,foiling
3350,slide
3351,crossing
3352,ills
3353,144
3354,sands
3355,measure
3356,separating
3357,margins
3358,special
3359,secretly
3360,entertainment
3361,armor
3362,repositioning
3363,islamist
3364,strokes
3365,activist
3366,shambles
3367,thriving
3368,cause
3369,carolinasouth
3370,falluja
3371,withdrawal
3372,delegates
3373,70s
3374,intrudes
3375,conservatives
3376,entices
3377,tulle
3378,hostile
3379,route
3380,florida
3381,times
3382,resumes
3383,samesex
3384,powerful
3385,art
3386,quality
3387,management
3388,martyrdom
3389,privacy
3390,relations
3391,attack
3392,moneybush
3393,wrapped
3394,final
3395,punish
3396,lists
3397,639000
3398,ultimatum
3399,headlinewives
3400,breadwinners
3401,6th
3402,spurs
3403,thwarted
3404,carrots
3405,horrors
3406,torment
3407,portrait
3408,need
3409,border
3410,roiling
3411,pursued
3412,able
3413,thorny
3414,battles
3415,relatives
3416,issuing
3417,pivotal
3418,tactic
3419,truck
3420,pursues
3421,balloting
3422,snubs
3423,fuels
3424,deploy
3425,vengeance
3426,republicansmccain
3427,awe
3428,termites
3429,cellphone
3430,scrambles
3431,upset
3432,prickly
3433,businessman
3434,emerging
3435,qualms
3436,soldiers
3437,shield
3438,partners
3439,unfinished
3440,outflank
3441,winner
3442,hopeful
3443,rash
3444,crowdgores
3445,8day
3446,bases
3447,reorganizing
3448,betrayals
3449,thunderous
3450,employee
3451,analysisthe
3452,slows
3453,michigan
3454,joint
3455,122
3456,joins
3457,werent
3458,gray
3459,evolution
3460,unanchored
3461,trucks
3462,course
3463,uzbeks
3464,she
3465,tunes
3466,widow
3467,accuses
3468,shake
3469,humans
3470,freeze
3471,reinforce
3472,legacy
3473,reinforcements
3474,powder
3475,desperate
3476,rifts
3477,humane
3478,unearth
3479,nightmare
3480,realign
3481,state
3482,neither
3483,sabotage
3484,outsiders
3485,spares
3486,limbs
3487,interfere
3488,spared
3489,key
3490,approval
3491,pilgrims
3492,thank
3493,conventionbush
3494,hits
3495,limits
3496,career
3497,trove
3498,minds
3499,strains
3500,admit
3501,depict
3502,jersey
3503,timesfebruary
3504,tuesday
3505,politicsamong
3506,quit
3507,tread
3508,aligning
3509,wills
3510,votersbucking
3511,liberals
3512,slowly
3513,treat
3514,isolating
3515,governorattacks
3516,tieins
3517,both
3518,releasing
3519,guerrillas
3520,sensed
3521,abortions
3522,shameless
3523,insurgentmccain
3524,bipartisan
3525,harder
3526,harden
3527,cashing
3528,antius
3529,evacuees
3530,examines
3531,powells
3532,surface
3533,disclosures
3534,capture
3535,molinari
3536,parts
3537,incumbent
3538,qaedas
3539,underground
3540,party
3541,shatter
3542,buzz
3543,effect
3544,fierce
3545,frequently
3546,outcasts
3547,rift
3548,paycheck
3549,weld
3550,reflection
3551,i
3552,obstacles
3553,well
3554,drone
3555,palaces
3556,trials
3557,warlord
3558,restore
3559,underdog
3560,discord
3561,increasingly
3562,spectatorsinside
3563,mistaken
3564,43
3565,sources
3566,overhauling
3567,skill
3568,detain
3569,spells
3570,135000
3571,lured
3572,extends
3573,perot
3574,circumstanceshow
3575,morgue
3576,kick
3577,fate
3578,disappearance
3579,utah
3580,crushed
3581,historic
3582,burden
3583,immediately
3584,jockeying
3585,loss
3586,necessary
3587,lost
3588,exploiting
3589,fingerprints
3590,dictionaries
3591,payments
3592,lose
3593,refugees
3594,page
3595,shed
3596,glare
3597,scuffle
3598,congresss
3599,shes
3600,home
3601,debatesdebate
3602,moderates
3603,pinpoint
3604,posing
3605,broad
3606,delaware
3607,rewarding
3608,spymaster
3609,hinder
3610,reaching
3611,decadesold
3612,prohibited
3613,instinct
3614,londoners
3615,amnesty
3616,refuge
3617,daschle
3618,freedom
3619,sinister
3620,analysisrecipe
3621,nightclub
3622,muting
3623,presidentfocus
3624,persuaded
3625,stakes
3626,celebrations
3627,washington
3628,withholds
3629,artists
3630,couldnt
3631,strategy
3632,additional
3633,veil
3634,museum
3635,protectors
3636,resentment
3637,inner
3638,recruited
3639,unexamined
3640,searches
3641,revised
3642,north
3643,hazardous
3644,evacuate
3645,gain
3646,courts
3647,conventions
3648,eat
3649,he
3650,storied
3651,cells
3652,grieve
3653,statesboard
3654,signed
3655,exerts
3656,limit
3657,piece
3658,display
3659,urging
3660,marketplace
3661,reservations
3662,upsets
3663,twist
3664,beats
3665,violated
3666,education
3667,hijackings
3668,diego
3669,whirlwinds
3670,rumors
3671,contest
3672,offensive
3673,paratroopers
3674,wouldbe
3675,star
3676,living
3677,stay
3678,foil
3679,backstage
3680,animosity
3681,agonizing
3682,friends
3683,curbed
3684,shuns
3685,blogs
3686,persistent
3687,diagnosis
3688,determination
3689,validation
3690,commencement
3691,aided
3692,todays
3693,pardon
3694,limited
3695,uzbekistan
3696,protest
3697,asian
3698,arrangementsaides
3699,aides
3700,battleground
3701,expatriates
3702,fronts
3703,gamut
3704,buddy
3705,pensions
3706,presents
3707,bailout
3708,swap
3709,sorry
3710,sway
3711,pact
3712,updated
3713,rescue
3714,void
3715,twostage
3716,govern
3717,vast
3718,overviewwith
3719,skills
3720,companies
3721,campaignbush
3722,3day
3723,heading
3724,uncovers
3725,force
3726,fixit
3727,warns
3728,japanese
3729,likely
3730,kidnap
3731,even
3732,spouses
3733,preferences
3734,prisons
3735,saved
3736,asia
3737,lights
3738,pragmatism
3739,new
3740,net
3741,ever
3742,basks
3743,snared
3744,helmets
3745,niche
3746,incentives
3747,never
3748,drew
3749,met
3750,60000
3751,governing
3752,active
3753,100
3754,tapes
3755,economics
3756,ignoring
3757,taped
3758,omar
3759,cindy
3760,permit
3761,bayer
3762,adopting
3763,theres
3764,eyebrows
3765,campaign
3766,reagan
3767,county
3768,specifics
3769,moral
3770,costly
3771,counts
3772,landscape
3773,criminals
3774,army
3775,arms
3776,call
3777,calm
3778,recommend
3779,bead
3780,survive
3781,type
3782,tell
3783,supporters
3784,lungs
3785,wary
3786,343
3787,wars
3788,warn
3789,berlin
3790,warm
3791,frenzy
3792,room
3793,rights
3794,setup
3795,gasoline
3796,incubator
3797,guise
3798,frantic
3799,root
3800,give
3801,assent
3802,honey
3803,hones
3804,advancing
3805,electiondemocrats
3806,schedulegop
3807,crunchers
3808,kabul
3809,faults
3810,answer
3811,faulty
3812,blanks
3813,crowding
3814,cadillac
3815,manuals
3816,loyalty
3817,president
3818,5year
3819,karachi
3820,attempt
3821,third
3822,pollspoll
3823,loyalists
3824,goodbye
3825,uninsured
3826,operations
3827,foresaw
3828,deck
3829,copters
3830,eavesdropping
3831,before
3832,deathly
3833,personal
3834,hezbollah
3835,crew
3836,better
3837,missionary
3838,irans
3839,persist
3840,stalemate
3841,weeks
3842,confidently
3843,donors
3844,mediatrumpeting
3845,downs
3846,leaner
3847,arrested
3848,pakistanis
3849,exinspector
3850,faraway
3851,victories
3852,bonn
3853,went
3854,side
3855,luck
3856,12yearolds
3857,aide
3858,trading
3859,stealing
3860,navy
3861,temporary
3862,extract
3863,merchants
3864,congresstwo
3865,videotape
3866,tales
3867,crucial
3868,surprise
3869,turning
3870,resume
3871,revenge
3872,beatty
3873,analysisvoters
3874,struggle
3875,egyptians
3876,racepersonality
3877,aisle
3878,starts
3879,messages
3880,12000
3881,steward
3882,100000
3883,moving
3884,loud
3885,enraged
3886,features
3887,thrown
3888,executions
3889,downside
3890,enrages
3891,girls
3892,overviewrepublican
3893,overviewflorida
3894,zeros
3895,stifled
3896,hollywood
3897,tossup
3898,digs
3899,tokens
3900,innocent
3901,begins
3902,distance
3903,anxiety
3904,bitterness
3905,matter
3906,street
3907,townspeople
3908,sees
3909,palace
3910,rattle
3911,mind
3912,eyes
3913,seed
3914,emphasizing
3915,seen
3916,seem
3917,seek
3918,tells
3919,chest
3920,chess
3921,sleeper
3922,moscow
3923,quarterback
3924,auditor
3925,clears
3926,medical
3927,nighttime
3928,dog
3929,presidentin
3930,points
3931,principle
3932,overviewbradley
3933,consumer
3934,dow
3935,selected
3936,hunger
3937,visitor
3938,ending
3939,attempts
3940,uneasiness
3941,liberty
3942,stepping
3943,judges
3944,northeast
3945,unleashes
3946,explain
3947,jailer
3948,unleashed
3949,jailed
3950,edict
3951,exports
3952,reconstruction
3953,conduct
3954,stop
3955,perceive
3956,patted
3957,12
3958,quarters
3959,comply
3960,bat
3961,bar
3962,cleanups
3963,stepin
3964,bay
3965,microscope
3966,troop
3967,favors
3968,ban
3969,decides
3970,imitate
3971,testing
3972,zones
3973,allure
3974,overviewgore
3975,legacya
3976,subject
3977,02
3978,03
3979,00
3980,said
3981,06
3982,04
3983,05
3984,08
3985,sail
3986,olympics
3987,tolerance
3988,wears
3989,vows
3990,jolts
3991,picking
3992,eggnog
3993,uncertainty
3994,against
3995,initiative
3996,foray
3997,aftermath
3998,puts
3999,basis
4000,frist
4001,three
4002,tiny
4003,commission
4004,trigger
4005,interest
4006,basic
4007,sunnis
4008,ballotsbroad
4009,deeper
4010,roils
4011,suppress
4012,dismiss
4013,shattering
4014,aviation
4015,affirm
4016,campaigndemocrats
4017,near
4018,itinerary
4019,reconnaissance
4020,balance
4021,employees
4022,chilling
4023,pessimistic
4024,ridicule
4025,mexico
4026,is
4027,foiled
4028,piecebypiece
4029,defeated
4030,fakes
4031,ii
4032,shame
4033,cant
4034,im
4035,in
4036,id
4037,disappear
4038,if
4039,extraditions
4040,waging
4041,rumsfelds
4042,cools
4043,make
4044,changed
4045,grows
4046,battlein
4047,meets
4048,governors
4049,declaring
4050,differing
4051,delight
4052,undaunted
4053,waterfall
4054,overviewthis
4055,bloomberg
4056,dark
4057,governora
4058,opportunity
4059,thoughts
4060,butter
4061,programs
4062,unconditionally
4063,failing
4064,materials
4065,resuming
4066,claims
4067,left
4068,just
4069,sentence
4070,fighters
4071,identify
4072,human
4073,yes
4074,yet
4075,impending
4076,campaignbushs
4077,1776
4078,candidate
4079,assassination
4080,character
4081,affinity
4082,justices
4083,servicemen
4084,save
4085,germanys
4086,sailors
4087,supervisors
4088,background
4089,dreams
4090,reconsidering
4091,visible
4092,manual
4093,arrivals
4094,capitals
4095,dean
4096,deal
4097,courtsgore
4098,elderly
4099,fulcrum
4100,reconsiders
4101,overviewmccain
4102,seized
4103,tracked
4104,notification
4105,baathists
4106,208
4107,runins
4108,bold
4109,devastation
4110,predicting
4111,sift
4112,confrontation
4113,astir
4114,bury
4115,words
4116,intiativecalifornia
4117,commit
4118,buchanans
4119,3year
4120,nerve
4121,whats
4122,lied
4123,refines
4124,down
4125,amiably
4126,tomblike
4127,doctrine
4128,armada
4129,refined
4130,bloombergs
4131,initial
4132,patakis
4133,victorious
4134,unseat
4135,factions
4136,analysisnations
4137,starve
4138,offering
4139,failure
4140,surrender
4141,analyst
4142,fort
4143,builds
4144,happen
4145,emboldened
4146,daddy
4147,occupiers
4148,propaganda
4149,separated
4150,sticks
4151,exerting
4152,covert
4153,lingers
4154,tarnished
4155,anthrax
4156,ship
4157,widows
4158,unholy
4159,graft
4160,alerts
4161,clings
4162,sling
4163,faction
4164,dies
4165,felt
4166,fell
4167,genocide
4168,transfers
4169,shatters
4170,aware
4171,weekend
4172,died
4173,scholar
4174,billion
4175,militias
4176,outskirts
4177,apology
4178,assume
4179,restores
4180,daily
4181,parcels
4182,restored
4183,hijacker
4184,maiming
4185,bombed
4186,themes
4187,manager
4188,mile
4189,mill
4190,abundant
4191,hijacked
4192,suicide
4193,praises
4194,disorders
4195,iraqs
4196,father
4197,editors
4198,iraqi
4199,finally
4200,marks
4201,sovereignty
4202,advises
4203,adviser
4204,construction
4205,defying
4206,governments
4207,dim
4208,did
4209,die
4210,dig
4211,proposals
4212,democrat
4213,magnet
4214,round
4215,olympic
4216,talked
4217,fearing
4218,overhaul
4219,targets
4220,votersarriving
4221,afghanistan
4222,soured
4223,adds
4224,suspect
4225,somalia
4226,filled
4227,wail
4228,henry
4229,french
4230,wait
4231,box
4232,diagnoses
4233,battling
4234,shift
4235,bow
4236,upstaging
4237,bob
4238,massage
4239,adjustable
4240,useful
4241,aidan
4242,flexibility
4243,contradictions
4244,hotels
4245,troops
4246,stateflorida
4247,pluses
4248,visit
4249,france
4250,balks
4251,sharpen
4252,michigans
4253,sharing
4254,labyrinth
4255,bioterrorism
4256,downtown
4257,downing
4258,savior
4259,effort
4260,iranqaeda
4261,fly
4262,cows
4263,soul
4264,reviews
4265,drags
4266,growing
4267,making
4268,carolina
4269,bites
4270,claim
4271,ordeal
4272,lobbying
4273,presidentbush
4274,confused
4275,agent
4276,battered
4277,council
4278,qaddafis
4279,pink
4280,tilt
4281,chemical
4282,till
4283,sunday
4284,detentions
4285,sword
4286,pins
4287,militia
4288,sworn
4289,map
4290,staying
4291,mar
4292,143
4293,may
4294,148
4295,149
4296,guys
4297,grow
4298,pressuring
4299,man
4300,scrambling
4301,outline
4302,moroccans
4303,maybe
4304,holdouts
4305,tale
4306,switch
4307,killers
4308,jail
4309,silence
4310,african
4311,basket
4312,tall
4313,governortaken
4314,talk
4315,shoes
4316,undoing
4317,gradual
4318,shaky
4319,seizing
4320,argues
4321,stability
4322,fatalities
4323,cuts
4324,equip
4325,setbacks
4326,texan
4327,group
4328,monitor
4329,undermined
4330,battlegop
4331,policy
4332,mail
4333,main
4334,undermines
4335,texas
4336,finance
4337,views
4338,impulses
4339,rattled
4340,tiesdad
4341,husseins
4342,lunch
4343,touching
4344,killed
4345,beach
4346,misgivings
4347,offshore
4348,rock
4349,hijack
4350,manifests
4351,gird
4352,sifted
4353,rivalry
4354,girl
4355,requesting
4356,turkeys
4357,canada
4358,emerges
4359,afghans
4360,3rd
4361,gonzales
4362,condemns
4363,exsoviet
4364,inaction
4365,lag
4366,legislatureflorida
4367,spies
4368,california
4369,vinyl
4370,advance
4371,ministry
4372,courtsbushs
4373,thing
4374,desultory
4375,slaying
4376,think
4377,first
4378,exotic
4379,fleeing
4380,debatesdropping
4381,americans
4382,long
4383,carry
4384,little
4385,murky
4386,anyone
4387,plains
4388,fiery
4389,rebuttal
4390,participated
4391,speaking
4392,mining
4393,memo
4394,subpoenas
4395,hillary
4396,hartford
4397,seat
4398,lawenforcement
4399,11
4400,10
4401,13
4402,cracks
4403,15
4404,14
4405,17
4406,16
4407,19
4408,18
4409,midtown
4410,mutilation
4411,were
4412,post911
4413,gathering
4414,mundane
4415,topics
4416,voices
4417,dash
4418,winding
4419,conspiracy
4420,spectacle
4421,voiced
4422,speakers
4423,clintons
4424,potential
4425,beirut
4426,200
4427,analysts
4428,pain
4429,trace
4430,normal
4431,track
4432,tallies
4433,paid
4434,assault
4435,contrasts
4436,mettle
4437,queens
4438,cuban
4439,radioactive
4440,surprising
4441,fills
4442,angst
4443,managergore
4444,precise
4445,ballotsuncounted
4446,wordsheadli
4447,shot
4448,show
4449,jordanian
4450,shoe
4451,abomb
4452,deportation
4453,revisionism
4454,mubarak
4455,treasure
4456,storms
4457,behind
4458,black
4459,raising
4460,get
4461,hostage
4462,hailed
4463,nearly
4464,denials
4465,blends
4466,secondary
4467,governorstorm
4468,yield
4469,across
4470,onthejob
4471,miles
4472,countydemocrats
4473,finishing
4474,worrying
4475,silently
4476,declared
4477,blurred
4478,relative
4479,declares
4480,calendar
4481,envisioning
4482,indicted
4483,steadfast
4484,forecast
4485,enough
4486,checks
4487,august
4488,parent
4489,legitimacy
4490,jr
4491,killing
4492,unsecure
4493,ringleader
4494,jfk
4495,dates
4496,blasts
4497,tour
4498,remake
4499,longshot
4500,among
4501,cornered
4502,cancer
4503,menacing
4504,slain
4505,grants
4506,cancel
4507,custody
4508,considering
4509,arts
4510,crossfire
4511,mark
4512,analysiskeeping
4513,wobbly
4514,constituencies
4515,borders
4516,educated
4517,graveyard
4518,offered
4519,waygop
4520,odyssey
4521,captivity
4522,sound
4523,predicament
4524,romping
4525,profiles
4526,promising
4527,investigating
4528,margin
4529,coffee
4530,middle
4531,sudden
4532,scavenger
4533,strategiesbush
4534,movements
4535,different
4536,harsh
4537,doctor
4538,pay
4539,sketchy
4540,same
4541,balis
4542,pac
4543,speech
4544,arguments
4545,fireproofing
4546,deference
4547,struggling
4548,extended
4549,patrician
4550,assist
4551,antiterrorism
4552,flyboys
4553,running
4554,holders
4555,partydemocrats
4556,largely
4557,iraqis
4558,tentative
4559,solve
4560,easing
4561,strive
4562,gates
4563,money
4564,sights
4565,surrenders
4566,forgo
4567,4
4568,waydemocrats
4569,grip
4570,grit
4571,schwarzenegger
4572,newsmen
4573,admitting
4574,forge
4575,grid
4576,mom
4577,secrecy
4578,mob
4579,aiming
4580,grim
4581,identifying
4582,serves
4583,facing
4584,audience
4585,miraculous
4586,either
4587,kerrys
4588,dole
4589,erase
4590,images
4591,organizing
4592,exruler
4593,confirm
4594,footing
4595,critical
4596,inject
4597,airways
4598,fitness
4599,broken
4600,visits
4601,drums
4602,highrises
4603,william
4604,roar
4605,island
4606,violence
4607,drag
4608,848
4609,practical
4610,airline
4611,pockets
4612,mounting
4613,mixed
4614,lasting
4615,road
4616,governorfeeling
4617,organizers
4618,quietly
4619,lands
4620,fertile
4621,skilled
4622,vacation
4623,strip
4624,amassed
4625,distracted
4626,deadlines
4627,strikes
4628,gore
4629,drills
4630,jabbing
4631,deadlock
4632,leaked
4633,videos
4634,deep
4635,general
4636,examine
4637,file
4638,deterrent
4639,casualty
4640,fill
4641,again
4642,assessing
4643,ceaselessly
4644,field
4645,cleanup
4646,students
4647,marshes
4648,tackle
4649,assets
4650,casts
4651,votecount
4652,tightened
4653,resembles
4654,resolution
4655,forges
4656,forget
4657,founder
4658,forbidden
4659,postponing
4660,baath
4661,postattack
4662,children
4663,reluctant
4664,shattered
4665,prodding
4666,hideout
4667,returning
4668,10month
4669,wiretap
4670,scout
4671,scour
4672,fall
4673,abusing
4674,elated
4675,dampen
4676,celebrity
4677,form
4678,saudi
4679,biological
4680,firefight
4681,neighborhood
4682,portable
4683,grabs
4684,zero
4685,perspective
4686,lawyer
4687,further
4688,squanders
4689,ribbon
4690,chafing
4691,90s
4692,abc
4693,stood
4694,issues
4695,tribute
4696,public
4697,hotbed
4698,5000
4699,mull
4700,wrangling
4701,unheeded
4702,mourning
4703,admits
4704,900
4705,prosecutors
4706,governorbushs
4707,909
4708,scurry
4709,sikhs
4710,airport
4711,usled
4712,misery
4713,narrow
4714,sept11
4715,authorize
4716,buses
4717,transit
4718,africa
4719,memoa
4720,marooned
4721,empties
4722,expelling
4723,armed
4724,eye
4725,two
4726,furor
4727,jubilant
4728,staggering
4729,brisk
4730,landed
4731,controlling
4732,varying
4733,town
4734,strain
4735,recall
4736,guards
4737,remain
4738,pressing
4739,halts
4740,abandon
4741,strategies
4742,countymiami
4743,stubborn
4744,buttress
4745,prods
4746,share
4747,conceding
4748,contradicts
4749,minimum
4750,numbers
4751,sharp
4752,homicide
4753,needs
4754,drained
4755,needy
4756,demolition
4757,forbess
4758,rapport
4759,sacred
4760,stir
4761,prevailsby
4762,uprising
4763,advice
4764,questioning
4765,blood
4766,coming
4767,response
4768,bleak
4769,crowded
4770,crippling
4771,deserted
4772,foretell
4773,sect
4774,playing
4775,setback
4776,aboutface
4777,radar
4778,appeals
4779,through
4780,heirs
4781,suffer
4782,24
4783,25
4784,26
4785,27
4786,20
4787,21
4788,22
4789,23
4790,28
4791,29
4792,famished
4793,late
4794,detected
4795,5week
4796,hurting
4797,good
4798,seeking
4799,encouraging
4800,antigerm
4801,compound
4802,iranians
4803,complain
4804,viewers
4805,mystery
4806,easily
4807,exiles
4808,koreabyli
4809,hails
4810,2d
4811,ashes
4812,positions
4813,ports
4814,harm
4815,texasa
4816,house
4817,energy
4818,hard
4819,cipro
4820,idea
4821,engaging
4822,oil
4823,zarqawis
4824,callup
4825,campaigncampaigns
4826,insurance
4827,koreathe
4828,misstep
4829,overcharging
4830,acting
4831,commits
4832,geared
4833,members
4834,backed
4835,beginning
4836,benefits
4837,recast
4838,computers
4839,pilots
4840,embraces
4841,dont
4842,waged
4843,reservists
4844,done
4845,embraced
4846,wages
4847,bloodied
4848,5th
4849,revive
4850,least
4851,militant
4852,smoothed
4853,conduit
4854,internetvoter
4855,park
4856,part
4857,favorable
4858,doctors
4859,gruesome
4860,believe
4861,stirs
4862,savagery
4863,horizons
4864,youth
4865,familys
4866,supposed
4867,riddance
4868,declare
4869,nominee
4870,plead
4871,philippine
4872,orders
4873,mountain
4874,built
4875,flared
4876,assails
4877,onset
4878,majority
4879,lifts
4880,build
4881,deepening
4882,province
4883,eggs
4884,gops
4885,pondering
4886,most
4887,charm
4888,services
4889,faithless
4890,seething
4891,litigationflorida
4892,weigh
4893,standoff
4894,rebels
4895,wailing
4896,scattered
4897,converge
4898,headlines
4899,tuesdays
4900,find
4901,giant
4902,rebuttals
4903,dividing
4904,nervous
4905,waiting
4906,unhappy
4907,usbacked
4908,8
4909,checkpoint
4910,1315
4911,permission
4912,express
4913,ferrer
4914,theft
4915,unum
4916,restart
4917,californias
4918,resolve
4919,transitional
4920,remove
4921,safeguarding
4922,redefined
4923,common
4924,doubles
4925,gospel
4926,gehry
4927,arouse
4928,tender
4929,feared
4930,expert
4931,visiting
4932,electoral
4933,halves
4934,fans
4935,leaderships
4936,responses
4937,complement
4938,renews
4939,aircraft
4940,vindicates
4941,guantanamo
4942,alters
4943,hed
4944,reverse
4945,appropriations
4946,foreign
4947,sparring
4948,tightens
4949,mean
4950,afar
4951,shrines
4952,supply
4953,simple
4954,governortop
4955,dances
4956,tennessee
4957,shutdown
4958,volunteered
4959,ravaged
4960,expensive
4961,patiently
4962,raise
4963,create
4964,rivals
4965,secret
4966,dropping
4967,hopefuls
4968,meeting
4969,slips
4970,gay
4971,floridathe
4972,gas
4973,gap
4974,neckties
4975,resisted
4976,underdogs
4977,benchjudge
4978,politician
4979,raw
4980,solid
4981,bill
4982,tolerate
4983,elections
4984,reopens
4985,missteps
4986,replaced
4987,fun
4988,wordsbush
4989,larger
4990,analysisone
4991,itself
4992,wiretapping
4993,finalists
4994,shunning
4995,italy
4996,complaints
4997,2party
4998,chalabi
4999,praising
5000,keys
5001,assignment
5002,issuesbitter
5003,moment
5004,purpose
5005,gestures
5006,task
5007,exrivals
5008,spent
5009,flags
5010,withdraw
5011,chaplains
5012,organization
5013,spend
5014,prevention
5015,echoing
5016,feverishly
5017,fundamentalists
5018,shape
5019,atomic
5020,alternative
5021,candidacya
5022,discipline
5023,cut
5024,clark
5025,deputy
5026,tacticsdemocrats
5027,snag
5028,source
5029,kites
5030,boardroom
5031,clamping
5032,bin
5033,big
5034,bid
5035,foreigners
5036,bit
5037,knock
5038,retake
5039,follows
5040,whos
5041,surging
5042,jolted
5043,unhindered
5044,often
5045,collectors
5046,inching
5047,back
5048,extremist
5049,martial
5050,changegore
5051,mirror
5052,minefield
5053,scale
5054,decision
5055,per
5056,patient
5057,exconvict
5058,300
5059,exprisoners
5060,continuing
5061,unity
5062,patienc
5063,hostages
5064,from
5065,hawkish
5066,goods
5067,piles
5068,baghdadkuwait
5069,conciliatory
5070,drama
5071,analysiscourting
5072,canvassing
5073,bluster
5074,prices
5075,maelstrom
5076,depose
5077,invading
5078,framed
5079,remembrance
5080,lesson
5081,bankruptcy
5082,wolfowitz
5083,jockey
5084,presidentattacks
5085,germans
5086,forward
5087,keating
5088,errant
5089,opponent
5090,reemerges
5091,boys
5092,hopes
5093,campaigndecisive
5094,directed
5095,casablanca
5096,planes
5097,constant
5098,single
5099,curb
5100,cafe
5101,prevail
5102,denying
5103,theyll
5104,intensifying
5105,assassinate
5106,4year
5107,explaining
5108,intensifies
5109,spurns
5110,ravines
5111,leno
5112,gulag
5113,prepared
5114,restoration
5115,prepares
5116,desert
5117,oncecomfortable
5118,disputetv
5119,wards
5120,briskly
5121,2000
5122,2001
5123,2006
5124,2007
5125,2004
5126,rallies
5127,failures
5128,2008
5129,afghanistans
5130,rusting
5131,graves
5132,contacted
5133,peanut
5134,blaze
5135,officials
5136,fatal
5137,queen
5138,undeterred
5139,ankara
5140,putting
5141,accuse
5142,presidentchallenges
5143,entire
5144,uncovering
5145,nonspeaking
5146,shock
5147,populist
5148,joes
5149,havent
5150,ceasefire
5151,warheads
5152,retracting
5153,doctrines
5154,power
5155,chicago
5156,giving
5157,bail
5158,assisted
5159,access
5160,exercise
5161,body
5162,exchange
5163,leveraging
5164,nimble
5165,objects
5166,healing
5167,others
5168,dissuade
5169,sing
5170,safer
5171,widening
5172,38
5173,stalks
5174,33
5175,31
5176,30
5177,37
5178,36
5179,contradiction
5180,34
5181,climb
5182,honor
5183,courting
5184,named
5185,blizzard
5186,presidents
5187,private
5188,names
5189,oval
5190,tap
5191,resolutions
5192,presidenta
5193,staple
5194,brdl
5195,dissonance
5196,nobel
5197,butler
5198,themselves
5199,defendant
5200,prized
5201,assailed
5202,dupes
5203,trail
5204,train
5205,tearing
5206,duped
5207,hints
5208,account
5209,escapee
5210,tunnel
5211,gruff
5212,trencheson
5213,praise
5214,internecine
5215,closing
5216,alis
5217,didnt
5218,fringe
5219,infantry
5220,reserves
5221,abcs
5222,mixes
5223,native
5224,lamb
5225,daring
5226,democracy
5227,holds
5228,hampshire
5229,lamm
5230,regions
5231,winners
5232,psyches
5233,hostility
5234,stock
5235,profile
5236,buildings
5237,waters
5238,philosophy
5239,debaterunning
5240,communicator
5241,kenyans
5242,fray
5243,bombers
5244,jails
5245,bind
5246,lines
5247,liner
5248,chief
5249,furious
5250,kashmirs
5251,lined
5252,resurgent
5253,disarm
5254,struggles
5255,symbols
5256,shreds
5257,subpoenaed
5258,memorials
5259,bridges
5260,negotiated
5261,winning
5262,willing
5263,stances
5264,revives
5265,criminal
5266,antidote
5267,dad
5268,greater
5269,pangs
5270,muddle
5271,courtroom
5272,mandate
5273,day
5274,applicants
5275,airports
5276,thrill
5277,warned
5278,identified
5279,memoir
5280,backboard
5281,activate
5282,dixie
5283,rumsfield
5284,talibans
5285,ameircan
5286,salesman
5287,plods
5288,defend
5289,mate
5290,arkansas
5291,red
5292,retrieved
5293,clarify
5294,receipts
5295,turbans
5296,hinting
5297,ghraib
5298,abuse
5299,barriers
5300,retain
5301,grieving
5302,south
5303,braced
5304,tributes
5305,reaches
5306,strategic
5307,hurdle
5308,lagging
5309,reached
5310,warships
5311,braces
5312,pakistans
5313,showdowniowa
5314,ripples
5315,scant
5316,pakistani
5317,gear
5318,eavesdrop
5319,dawntodusk
5320,economys
5321,mediators
5322,completes
5323,stumping
5324,loved
5325,shrapnel
5326,compensation
5327,visited
5328,tide
5329,unlikely
5330,have
5331,apparently
5332,rulingbush
5333,gingerly
5334,incentive
5335,provokes
5336,mix
5337,320
5338,concerns
5339,excia
5340,moneyclinton
5341,unless
5342,preliminary
5343,prisoner
5344,payment
5345,newsthe
5346,alaskan
5347,gather
5348,request
5349,disease
5350,callers
5351,selection
5352,text
5353,supported
5354,tearful
5355,rebuke
5356,staff
5357,kabuls
5358,controls
5359,scuttling
5360,hijacking
5361,beat
5362,whistleblower
5363,thrived
5364,stripes
5365,bear
5366,darken
5367,deputies
5368,timing
5369,exultant
5370,areas
5371,campaigntv
5372,subways
5373,teams
5374,130
5375,tightening
5376,caches
5377,strategiesaura
5378,conservativesremarks
5379,heightens
5380,national
5381,showdown
5382,we
5383,intensity
5384,awaits
5385,phases
5386,exploited
5387,4day
5388,reform
5389,clearing
5390,discounts
5391,gunshy
5392,routine
5393,progress
5394,handful
5395,deliver
5396,regretful
5397,optional
5398,buddhas
5399,freely
5400,taking
5401,equal
5402,fulfilled
5403,assure
5404,sexes
5405,abombs
5406,devout
5407,vent
5408,compromising
5409,disarmament
5410,kandahar
5411,pollsno
5412,unearthed
5413,gaze
5414,gaza
5415,upbeat
5416,proposal
5417,define
5418,finishes
5419,received
5420,assert
5421,player
5422,tense
5423,troubleshooter
5424,assessments
5425,volunteer
5426,homes
5427,splits
5428,crowds
5429,appearance
5430,value
5431,hampering
5432,bicker
5433,almost
5434,dissent
5435,captors
5436,helped
5437,watched
5438,arabia
5439,partner
5440,inspector
5441,strategyshifting
5442,portray
5443,administration
5444,defiant
5445,tumbles
5446,shuttle
5447,powell
5448,blooms
5449,injured
5450,tighten
5451,material
5452,takers
5453,looters
5454,giuliani
5455,whitmans
5456,tighter
5457,recourse
5458,center
5459,weapon
5460,antonio
5461,thought
5462,oops
5463,sets
5464,position
5465,muscle
5466,soviet
5467,usual
5468,walmarts
5469,rebuffing
5470,fingerprint
5471,domestic
5472,clinic
5473,interim
5474,seats
5475,tough
5476,ads
5477,bremer
5478,add
5479,forbes
5480,citizen
5481,ought
5482,tests
5483,worlds
5484,testy
5485,resolves
5486,displaced
5487,diehards
5488,like
5489,success
5490,porous
5491,journalist
5492,heed
5493,works
5494,soft
5495,audible
5496,italian
5497,awash
5498,propel
5499,alive
5500,ideals
5501,uskorean
5502,supportive
5503,beheaded
5504,kidnappers
5505,regain
5506,japans
5507,lieutenant
5508,although
5509,preventative
5510,panel
5511,about
5512,actual
5513,boards
5514,certainty
5515,alexanders
5516,democratize
5517,submits
5518,billions
5519,brands
5520,guard
5521,doesnt
5522,female
5523,hang
5524,ridge
5525,firefighter
5526,1988
5527,rushes
5528,biggest
5529,maze
5530,buy
5531,bus
5532,but
5533,plague
5534,glory
5535,wish
5536,j
5537,heatedly
5538,sysytemboth
5539,minutes
5540,plutonium
5541,supreme
5542,endurancetest
5543,deaths
5544,recounts
5545,enlists
5546,antiterror
5547,pit
5548,campus
5549,groundunlikely
5550,landfill
5551,48
5552,49
5553,46
5554,47
5555,44
5556,45
5557,claiming
5558,detail
5559,40
5560,41
5561,surreal
5562,85
5563,overviewbushs
5564,christians
5565,starting
5566,baker
5567,wryly
5568,trenton
5569,disarray
5570,hats
5571,colleges
5572,dynasty
5573,hate
5574,carolinas
5575,feeding
5576,violate
5577,warplanes
5578,under
5579,pride
5580,lure
5581,legislators
5582,risk
5583,incurs
5584,rise
5585,every
5586,jack
5587,encounter
5588,school
5589,magnate
5590,withers
5591,relics
5592,enjoy
5593,communicationsin
5594,leaders
5595,razed
5596,welfare
5597,estimates
5598,direct
5599,talks
5600,louder
5601,fiascoes
5602,blue
5603,hide
5604,solemn
5605,excised
5606,beaten
5607,poison
5608,endorse
5609,ebbs
5610,supplies
5611,seeks
5612,swingstate
5613,bunkers
5614,antibush
5615,hundreds
5616,ethanol
5617,path
5618,orthodoxy
5619,enron
5620,generals
5621,leaves
5622,settles
5623,outpace
5624,museums
5625,mentor
5626,mistake
5627,changes
5628,punishment
5629,straw
5630,patience
5631,swings
5632,would
5633,hospital
5634,garners
5635,mediate
5636,raids
5637,preview
5638,assessment
5639,phony
5640,grief
5641,phone
5642,connecticut
5643,airdemocrats
5644,resurfaces
5645,casualties
5646,must
5647,join
5648,militarys
5649,declassify
5650,advocacy
5651,spys
5652,foils
5653,mr
5654,my
5655,fortress
5656,quarrel
5657,estate
5658,mayhem
5659,keep
5660,flightterror
5661,looser
5662,end
5663,scolding
5664,writers
5665,accusations
5666,widespread
5667,badly
5668,elizabeth
5669,translations
5670,coffers
5671,demanding
5672,parallel
5673,stronghold
5674,amid
5675,bootstrap
5676,pullout
5677,complexity
5678,ultimate
5679,enter
5680,governorflurry
5681,harlem
5682,executed
5683,over
5684,expects
5685,london
5686,bushgore
5687,talkative
5688,glances
5689,destroyer
5690,expectations
5691,exhibits
5692,writing
5693,destroyed
5694,tilts
5695,fade
5696,iowa
5697,tourist
5698,issuecheney
5699,hiring
5700,tourism
5701,shadows
5702,bosnia
5703,swaying
5704,governorquietly
5705,shadowy
5706,detroit
5707,explode
5708,filling
5709,capricious
5710,victory
5711,each
5712,victors
5713,tip
5714,member
5715,hanged
5716,saturday
5717,pounce
5718,prewar
5719,kuwait
5720,saddam
5721,laid
5722,got
5723,newly
5724,gov
5725,gop
5726,independence
5727,arizona
5728,factorin
5729,ambled
5730,free
5731,rain
5732,wanted
5733,fret
5734,longterm
5735,days
5736,priorities
5737,inspectors
5738,already
5739,primary
5740,hearing
5741,sober
5742,inmate
5743,revival
5744,top
5745,tow
5746,heights
5747,too
5748,urban
5749,murder
5750,airwaves
5751,tool
5752,took
5753,clintondole
5754,western
5755,roles
5756,divisible
5757,nominate
5758,immigrants
5759,reponse
5760,tourists
5761,bridge
5762,ran
5763,1972
5764,talking
5765,triangle
5766,1968
5767,disrupts
5768,isolated
5769,reversed
5770,though
5771,glimpses
5772,plenty
5773,x
5774,disarmed
5775,explosives
5776,glow
5777,frontrunners
5778,potency
5779,prevails
5780,flow
5781,treaty
5782,reputation
5783,4vote
5784,swerves
5785,1776foot
5786,pope
5787,labels
5788,colors
5789,radio
5790,earth
5791,endowment
5792,democratsfloridas
5793,spite
5794,delays
5795,minnesota
5796,540
5797,disgust
5798,jeers
5799,abu
5800,mending
5801,criticizes
5802,debatesin
5803,watch
5804,fluid
5805,criticized
5806,despite
5807,report
5808,angers
5809,countries
5810,enraging
5811,shots
5812,ruins
5813,ailments
5814,transporting
5815,pummel
5816,sharpens
5817,proclaims
5818,resist
5819,disturbing
5820,jerseys
5821,capacity
5822,mud
5823,discovers
5824,365
5825,approach
5826,discovery
5827,confusion
5828,weak
5829,boss
5830,southeast
5831,wear
5832,news
5833,improve
5834,faced
5835,protect
5836,fault
5837,quickley
5838,disengage
5839,players
5840,games
5841,bet
5842,faces
5843,poorhouse
5844,expense
5845,connection
5846,overviewfloridas
5847,trust
5848,conference
5849,aback
5850,faltering
5851,been
5852,quickly
5853,confident
5854,expected
5855,captives
5856,fleeting
5857,drugs
5858,republicans
5859,bereavement
5860,catch
5861,selfrule
5862,heartland
5863,advisorbushs
5864,dept
5865,teachers
5866,stopping
5867,precede
5868,usfrench
5869,expenses
5870,experts
5871,brutal
5872,containing
5873,prior
5874,suggest
5875,wound
5876,complex
5877,heeded
5878,spartan
5879,satellite
5880,peaks
5881,social
5882,greeted
5883,suburb
5884,cycle
5885,tarawa
5886,russians
5887,forceful
5888,savings
5889,detained
5890,detainee
5891,alarms
5892,hearts
5893,alabama
5894,possesses
5895,dads
5896,reportin
5897,proposed
5898,laptop
5899,governorgop
5900,proposes
5901,thumbs
5902,scattering
5903,illprepared
5904,monitored
5905,backfor
5906,gave
5907,skeptics
5908,advances
5909,breaks
5910,cultural
5911,descending
5912,judge
5913,fallujas
5914,burns
5915,recountrecounts
5916,rumor
5917,apart
5918,59
5919,brutality
5920,gift
5921,zeal
5922,57
5923,hunt
5924,50
5925,53
5926,specific
5927,offices
5928,officer
5929,jazeera
5930,56
5931,proudly
5932,chests
5933,donald
5934,election
5935,escape
5936,precautions
5937,contests
5938,intellect
5939,fingerprinting
5940,clash
5941,memos
5942,everything
5943,musharraf
5944,christmas
5945,espionage
5946,core
5947,newcomer
5948,revisiting
5949,endorsing
5950,cowboy
5951,attacks
5952,plus
5953,efforts
5954,sept
5955,presence
5956,civil
5957,puzzle
5958,donated
5959,electorate
5960,rounds
5961,rely
5962,gis
5963,vaccination
5964,transform
5965,class
5966,fought
5967,crews
5968,healingcareer
5969,head
5970,steers
5971,differences
5972,removes
5973,heinous
5974,hear
5975,counsel
5976,disharmony
5977,versions
5978,muster
5979,bids
5980,ruined
5981,governorchallenges
5982,trim
5983,fury
5984,novel
5985,suspicions
5986,despotism
5987,trip
5988,regime
5989,looked
5990,faithful
5991,no
5992,commercials
5993,when
5994,loosening
5995,vanquished
5996,beheading
5997,setting
5998,papers
5999,formalize
6000,tie
6001,vanished
6002,depot
6003,picture
6004,cleric
6005,permitting
6006,reconsider
6007,corrected
6008,contributionsmemo
6009,trailers
6010,ridges
6011,airman
6012,younger
6013,longer
6014,bullet
6015,yacht
6016,1808
6017,vietnam
6018,forgoes
6019,serious
6020,neighbors
6021,regulars
6022,focus
6023,leads
6024,displaying
6025,row
6026,passage
6027,charge
6028,promoting
6029,weakening
6030,discovering
6031,advantage
6032,emphasizes
6033,tanks
6034,electionvice
6035,cool
6036,clouds
6037,level
6038,philippines
6039,posts
6040,brother
6041,cloudy
6042,denounces
6043,yale
6044,quick
6045,eroding
6046,tacticswealthy
6047,says
6048,invades
6049,tougher
6050,trend
6051,injunction
6052,widened
6053,invaded
6054,toughen
6055,port
6056,boats
6057,stands
6058,patrols
6059,debate
6060,spurring
6061,goes
6062,jilted
6063,reimagining
6064,hairs
6065,water
6066,baseball
6067,groups
6068,crippled
6069,hoarse
6070,tallying
6071,supplying
6072,pearls
6073,overrides
6074,guilty
6075,hospitality
6076,weird
6077,emerge
6078,employer
6079,crisis
6080,athens
6081,ravage
6082,permitted
6083,wrongs
6084,handler
6085,prey
6086,memory
6087,prep
6088,today
6089,dismay
6090,strategygore
6091,kerry
6092,altar
6093,offing
6094,fuel
6095,dismal
6096,shafts
6097,cases
6098,populi
6099,sheds
6100,local
6101,districts
6102,marginalized
6103,chapter
6104,streak
6105,figure
6106,translators
6107,critic
6108,worldviews
6109,slugging
6110,dropped
6111,500000
6112,counting
6113,hydrogen
6114,buoant
6115,secured
6116,cuba
6117,1
6118,vital
6119,fourth
6120,endorsement
6121,ensure
6122,speaks
6123,etched
6124,crashes
6125,information
6126,rites
6127,kunduzs
6128,islamic
6129,birthday
6130,classroom
6131,liquid
6132,malaise
6133,senatormccain
6134,acts
6135,fallout
6136,constituents
6137,retools
6138,blocked
6139,chips
6140,civic
6141,platform
6142,offers
6143,farmer
6144,prisoners
6145,lonely
6146,moms
6147,radicals
6148,campuses
6149,term
6150,name
6151,stabilize
6152,clutch
6153,terrorconscious
6154,debating
6155,realistic
6156,catching
6157,farewell
6158,obsession
6159,intended
6160,factors
6161,profit
6162,tensions
6163,oklahoma
6164,treading
6165,factora
6166,connectionmccain
6167,bolts
6168,lawmaker
6169,blueprints
6170,skillfully
6171,tiptoeing
6172,flare
6173,motion
6174,turn
6175,place
6176,swing
6177,turf
6178,preach
6179,1000
6180,origin
6181,suspend
6182,soaring
6183,alike
6184,array
6185,lags
6186,george
6187,millions
6188,given
6189,district
6190,returns
6191,lobbyists
6192,convention
6193,white
6194,gives
6195,exploring
6196,briton
6197,tempers
6198,releases
6199,season
6200,released
6201,enigma
6202,copy
6203,wide
6204,looting
6205,require
6206,diplomatic
6207,youve
6208,accused
6209,cards
6210,marines
6211,outcome
6212,oath
6213,and
6214,armored
6215,reno
6216,mates
6217,sells
6218,pry
6219,any
6220,marathon
6221,prosperity
6222,aarms
6223,strengtha
6224,mourners
6225,ideas
6226,emphasis
6227,primaries
6228,blunt
6229,keynoter
6230,urge
6231,sure
6232,multiple
6233,betrayal
6234,falls
6235,visitors
6236,donation
6237,fcc
6238,cleared
6239,icon
6240,considered
6241,jakarta
6242,later
6243,hungry
6244,koran
6245,senior
6246,quantity
6247,convoy
6248,liebermans
6249,woos
6250,gulf
6251,crime
6252,fickle
6253,narrows
6254,mosuls
6255,reveal
6256,paper
6257,kickbacks
6258,discussing
6259,reveals
6260,encourages
6261,wordsheadline
6262,replies
6263,college
6264,ignores
6265,encouraged
6266,cadets
6267,fails
6268,detect
6269,belittles
6270,federal
6271,review
6272,weapons
6273,outside
6274,invokes
6275,caucus
6276,arrival
6277,preattack
6278,comb
6279,come
6280,reaction
6281,skylines
6282,fissure
6283,libya
6284,region
6285,recumbent
6286,quiet
6287,contract
6288,presidentcampaign
6289,senator
6290,duty
6291,pakistan
6292,pow
6293,overviewan
6294,pop
6295,electoratepopulation
6296,60
6297,62
6298,64
6299,pod
6300,poll
6301,polite
6302,turkey
6303,saudis
6304,streetbystreet
6305,pollin
6306,peaceful
6307,escalates
6308,confessions
6309,hardly
6310,500
6311,direction
6312,mocking
6313,minister
6314,careful
6315,spirit
6316,pilot
6317,case
6318,mount
6319,cash
6320,arnold
6321,cast
6322,sometime
6323,shops
6324,hunts
6325,punches
6326,crusader
6327,converts
6328,author
6329,screeners
6330,postwar
6331,diehard
6332,43rd
6333,shifts
6334,bows
6335,reminder
6336,insurers
6337,events
6338,status
6339,persona
6340,nest
6341,refusal
6342,drives
6343,driven
6344,delicate
6345,imponderable
6346,changing
6347,vowed
6348,relies
6349,handson
6350,inhalation
6351,ranch
6352,sirens
6353,without
6354,relief
6355,model
6356,bodies
6357,justify
6358,lowrisk
6359,captures
6360,actions
6361,vanishes
6362,risking
6363,lavish
6364,violent
6365,kill
6366,perilous
6367,captured
6368,blow
6369,negotiators
6370,hint
6371,rose
6372,seems
6373,lets
6374,bloc
6375,poised
6376,disrupt
6377,ross
6378,scheduled
6379,kills
6380,virginia
6381,glitches
6382,correcting
6383,kennedy
6384,patrick
6385,reduces
6386,donations
6387,recalls
6388,tower
6389,reduced
6390,burdens
6391,joking
6392,madrid
6393,provided
6394,mood
6395,frees
6396,slick
6397,legal
6398,freeh
6399,provides
6400,quitting
6401,freed
6402,oncedeadly
6403,usdeported
6404,warlords
6405,inspect
6406,loudest
6407,earlier
6408,on
6409,subdued
6410,oh
6411,of
6412,discussed
6413,informing
6414,medicare
6415,stand
6416,tangling
6417,discusses
6418,countypalm
6419,or
6420,knits
6421,tribe
6422,reactions
6423,bbc
6424,charts
6425,accounts
6426,gary
6427,backdrops
6428,quiz
6429,unionssecret
6430,mental
6431,there
6432,alleged
6433,strict
6434,detectable
6435,expatriate
6436,alleges
6437,valley
6438,oilman
6439,cabinet
6440,promote
6441,faster
6442,bipartisanship
6443,grasp
6444,democratswith
6445,grass
6446,strongly
6447,contributors
6448,cinema
6449,taste
6450,shoulders
6451,cbs
6452,britain
6453,tasty
6454,yemeni
6455,politics
6456,operation
6457,hasnt
6458,narrowing
6459,5
6460,stumbles
6461,babylon
6462,101st
6463,brash
6464,briefly
6465,detainees
6466,symbol
6467,includes
6468,bullets
6469,inroads
6470,spouse
6471,airsafety
6472,blacks
6473,calls
6474,wife
6475,odds
6476,missouri
6477,all
6478,chinese
6479,lack
6480,exdetainee
6481,follow
6482,glimpse
6483,catastrophe
6484,opportunities
6485,program
6486,lawmakers
6487,activities
6488,belonging
6489,woman
6490,egyptian
6491,yorkdespite
6492,grinds
6493,exguard
6494,sons
6495,worst
6496,ticket
6497,faa
6498,rebounds
6499,treating
6500,snip
6501,list
6502,prolonged
6503,trench
6504,rebuffs
6505,wallflower
6506,rats
6507,reins
6508,rate
6509,design
6510,settled
6511,nbc
6512,what
6513,hesitation
6514,deeply
6515,ticks
6516,anniversary
6517,faltered
6518,attitudes
6519,allawi
6520,guns
6521,christian
6522,mayoral
6523,hightech
6524,voterswith
6525,naval
6526,hovers
6527,allows
6528,runoff
6529,options
6530,sticking
6531,suddenly
6532,solitude
6533,1907
6534,pervades
6535,proceed
6536,wield
6537,forcefully
6538,widens
6539,markets
6540,israel
6541,definition
6542,grabbing
6543,operators
6544,problem
6545,flag
6546,stick
6547,known
6548,chaplain
6549,presumed
6550,debater
6551,debates
6552,policemen
6553,debated
6554,v
6555,pony
6556,challenging
6557,airplane
6558,swung
6559,court
6560,goal
6561,breaking
6562,cleansing
6563,speeding
6564,assailing
6565,610
6566,reflect
6567,numb
6568,short
6569,meticulous
6570,departure
6571,supervision
6572,barbs
6573,retaliate
6574,maneuver
6575,turnover
6576,tallahassee
6577,mission
6578,outraged
6579,isnt
6580,scientist
6581,flaunt
6582,eluded
6583,inquiries
6584,islam
6585,50000
6586,voctor
6587,style
6588,scenegestures
6589,clashes
6590,resort
6591,strange
6592,argentina
6593,soccer
6594,might
6595,alter
6596,return
6597,strategiesno
6598,inch
6599,videotapes
6600,bigger
6601,algerian
6602,rainmaker
6603,weighs
6604,steeply
6605,weight
6606,sincerest
6607,generation
6608,incumbency
6609,expect
6610,gaps
6611,alcohol
6612,disquiet
6613,imploring
6614,health
6615,hill
6616,exodus
6617,analysispolitical
6618,leverage
6619,bushes
6620,stampede
6621,threat
6622,fallen
6623,solidly
6624,feed
6625,enlarges
6626,feel
6627,radical
6628,linking
6629,feet
6630,sympathy
6631,sailor
6632,notify
6633,traveler
6634,viewsa
6635,story
6636,script
6637,leading
6638,financed
6639,taxcut
6640,storm
6641,finances
6642,option
6643,hotel
6644,discover
6645,treasures
6646,rifle
6647,explodes
6648,kind
6649,nagging
6650,exempt
6651,aims
6652,stall
6653,architect
6654,risks
6655,risky
6656,unrelenting
6657,uniforms
6658,skyscrapers
6659,imperils
6660,strengthen
6661,suspicious
6662,depleted
6663,smallpox
6664,wilson
6665,check
6666,chairman
6667,finding
6668,donor
6669,snipers
6670,added
6671,critics
6672,warnings
6673,goldman
6674,measures
6675,reach
6676,react
6677,76
6678,75
6679,74
6680,73
6681,72
6682,71
6683,70
6684,nothing
6685,reunites
6686,soared
6687,constitution
6688,caucusing
6689,traditional
6690,mategulf
6691,deans
6692,gramm
6693,institutions
6694,lying
6695,barter
6696,cdc
6697,havoc
6698,uniform
6699,confinement
6700,penalty
6701,carnage
6702,his
6703,hit
6704,gains
6705,strongholds
6706,obtain
6707,hid
6708,emails
6709,activity
6710,relentless
6711,bars
6712,stump
6713,pvt
6714,dump
6715,intelligence
6716,defense
6717,bare
6718,are
6719,recording
6720,mullahs
6721,threats
6722,freshmen
6723,unions
6724,determined
6725,plywood
6726,inauguration
6727,lamenting
6728,solo
6729,korea
6730,recently
6731,creating
6732,sold
6733,attention
6734,opposition
6735,betrayed
6736,citys
6737,condo
6738,prelude
6739,relying
6740,prescription
6741,oversee
6742,operas
6743,became
6744,finds
6745,flies
6746,clashing
6747,sweet
6748,sweep
6749,revving
6750,village
6751,bolster
6752,decline
6753,complication
6754,nader
6755,political
6756,due
6757,politican
6758,appears
6759,manhunt
6760,pg
6761,checkbook
6762,nato
6763,flight
6764,firefighters
6765,precision
6766,brokers
6767,demand
6768,plants
6769,georgia
6770,evaluated
6771,intercepts
6772,engineers
6773,leans
6774,ecstasy
6775,courtbush
6776,headway
6777,rid
6778,alliances
6779,anguish
6780,lastminute
6781,firearms
6782,widely
6783,9
6784,higher
6785,arrives
6786,absentees
6787,paths
6788,flows
6789,scrapyards
6790,organizationbradleys
6791,impede
6792,contractors
6793,lower
6794,analysis
6795,edgy
6796,cheer
6797,edge
6798,unseen
6799,aftermaths
6800,polled
6801,questions
6802,vigilant
6803,continent
6804,tables
6805,advisers
6806,workers
6807,contractor
6808,jostle
6809,giveandtake
6810,violations
6811,awakes
6812,advocate
6813,entangled
6814,illfated
6815,moody
6816,skeptical
6817,shaped
6818,confront
6819,commanders
6820,uproar
6821,gephardt
6822,essential
6823,unenforced
6824,certainties
6825,traits
6826,litter
6827,complete
6828,tends
6829,aloft
6830,refuses
6831,intense
6832,vaccine
6833,roundup
6834,pipeline
6835,cautious
6836,completing
6837,firing
6838,range
6839,greets
6840,hatred
6841,womens
6842,cutoff
6843,pollpublic
6844,sports
6845,resilience
6846,stitches
6847,multipleparty
6848,pundit
6849,candidacygop
6850,question
6851,fast
6852,vendors
6853,upheld
6854,sections
6855,files
6856,mountains
6857,perplexing
6858,mistreatment
6859,courtblack
6860,filed
6861,junior
6862,deployed
6863,tempered
6864,patriot
6865,antiamerican
6866,fries
6867,barring
6868,z
6869,called
6870,sunnies
6871,coordinator
6872,warning
6873,rally
6874,steeper
6875,independents
6876,tone
6877,scrutinized
6878,endurance
6879,peace
6880,backs
6881,scrutinizes
6882,abortionplank
6883,mock
6884,users
6885,problems
6886,hideouts
6887,meaning
6888,allowing
6889,flirtation
6890,vigil
6891,fends
6892,hatpassers
6893,vice
6894,departs
6895,dinars
6896,joining
6897,buffalo
6898,once
6899,wrestle
6900,issued
6901,resistance
6902,1length
6903,steve
6904,dispel
6905,winds
6906,adjustment
6907,contributions
6908,worrisome
6909,disposal
6910,stable
6911,include
6912,fences
6913,sniper
6914,familites
6915,eerie
6916,wished
6917,tribunal
6918,seizes
6919,artery
6920,notes
6921,deals
6922,fortified
6923,pleas
6924,smaller
6925,politicking
6926,ruptured
6927,cellphones
6928,traveling
6929,concludes
6930,makers
6931,hourly
6932,fine
6933,networks
6934,relent
6935,capital
6936,ammunition
6937,technoglitz
6938,pushing
6939,wraps
6940,explore
6941,settling
6942,mccainunexpectedly
6943,survivor
6944,adjusts
6945,oversold
6946,leaving
6947,suggests
6948,overviewbush
6949,150000
6950,heart
6951,egypt
6952,apply
6953,boasts
6954,use
6955,fee
6956,feb
6957,uso
6958,germ
6959,few
6960,examination
6961,timetable
6962,eagles
6963,sort
6964,parliament
6965,heir
6966,appealthe
6967,sore
6968,recount
6969,detects
6970,women
6971,islamabad
6972,getting
6973,ashcroft
6974,anywhere
6975,republicansbush
6976,dissolve
6977,proof
6978,bittersweet
6979,patrol
6980,thirsty
6981,spying
6982,flaring
6983,tax
6984,villain
6985,tag
6986,rape
6987,memoin
6988,united
6989,hinders
6990,sit
6991,six
6992,inaugural
6993,unites
6994,dismissing
6995,panic
6996,sin
6997,sighting
6998,tension
6999,hurdles
7000,tack
7001,readiness
7002,reassurances
7003,aftereffect
7004,light
7005,budge
7006,sweetens
7007,compass
7008,unjustified
7009,saturates
7010,looks
7011,underwater
7012,complicate
7013,sunni
7014,glee
7015,ships
7016,permanent
7017,choose
7018,covered
7019,holiday
7020,edging
7021,pending
7022,flex
7023,crash
7024,practice
7025,negligent
7026,kunduz
7027,ambition
7028,satellites
7029,republican
7030,flee
7031,fled
7032,sects
7033,articles
7034,transmitter
7035,opinioneach
7036,profound
7037,grisly
7038,eased
7039,jidda
7040,rockets
7041,bills
7042,eases
7043,erratic
7044,upheavals
7045,counterinsurgency
7046,secretive
7047,related
7048,pollcandidates
7049,firepower
7050,82
7051,our
7052,80
7053,firefights
7054,86
7055,87
7056,84
7057,out
7058,sentiment
7059,frontier
7060,debatesbush
7061,chaos
7062,plaguing
7063,rumsfields
7064,strategiesrepublicans
7065,honorable
7066,supports
7067,planner
7068,averted
7069,faulting
7070,york
7071,comrade
7072,tanker
7073,phrases
7074,illicit
7075,4th
7076,uproot
7077,recruiter
7078,firehouse
7079,echo
7080,galvanized
7081,proposing
7082,priority
7083,their
7084,1500
7085,boil
7086,academy
7087,doomed
7088,slides
7089,july
7090,commence
7091,hearings
7092,isolation
7093,riches
7094,limiting
7095,kurd
7096,creditors
7097,overviewnow
7098,alerted
7099,linked
7100,peers
7101,angle
7102,europes
7103,rout
7104,agency
7105,which
7106,divert
7107,abductions
7108,underestimating
7109,combat
7110,who
7111,governortwist
7112,alarmed
7113,why
7114,deny
7115,dent
7116,7ship
7117,goals
7118,bulging
7119,chances
7120,please
7121,agreed
7122,planning
7123,brutalized
7124,democrats
7125,fear
7126,agrees
7127,electoratebush
7128,6000
7129,cache
7130,candidates
7131,thousands
7132,vigor
7133,sued
7134,topple
7135,watching
7136,massacre
7137,ones
7138,sues
7139,checkpoints
7140,spur
7141,ballotsdimpled
7142,enlisting
7143,brain
7144,partiesnader
7145,queries
7146,view
7147,buzzes
7148,requirement
7149,ebb
7150,expel
7151,turbulent
7152,ballotanger
7153,closer
7154,cole
7155,bbush
7156,coveting
7157,diverge
7158,favor
7159,identification
7160,closed
7161,crude
7162,stories
7163,frustrated
7164,bought
7165,weighing
7166,ability
7167,opening
7168,joy
7169,rescuers
7170,agencies
7171,job
7172,takeover
7173,spoil
7174,swift
7175,karzai
7176,soapbox
7177,deter
7178,bronx
7179,commando
7180,unclear
7181,wall
7182,walk
7183,confronts
7184,flashes
7185,trademark
7186,broadcasts
7187,responds
7188,tutor
7189,remedies
7190,nominations
7191,scrutiny
7192,overture
7193,unmoved
7194,abandoned
7195,unlike
7196,fearful
7197,restaurant
7198,irate
7199,choices
7200,will
7201,readies
7202,wild
7203,strategydemocrats
7204,ballotsmilitary
7205,dual
7206,plandozen
7207,radiation
7208,cross
7209,unite
7210,largess
7211,retailing
7212,units
7213,gets
7214,difficult
7215,exminister
7216,spirited
7217,elbows
7218,rake
7219,diplomat
7220,tikrits
7221,student
7222,lobby
7223,fighting
7224,english
7225,breaker
7226,sensing
7227,contenders
7228,riveted
7229,rocket
7230,yesterdays
7231,connectionlooking
7232,worsthit
7233,cries
7234,untested
7235,nov
7236,rapid
7237,seculars
7238,point
7239,sky
7240,discuss
7241,other
7242,protesters
7243,allegiance
7244,interrogation
7245,madefortv
7246,know
7247,press
7248,redesign
7249,howitzer
7250,perpetual
7251,loses
7252,rituals
7253,hosts
7254,corners
7255,traitors
7256,because
7257,scared
7258,searching
7259,growth
7260,empire
7261,throughout
7262,lead
7263,leak
7264,lean
7265,mines
7266,leap
7267,noose
7268,mined
7269,abortionrights
7270,leader
7271,locate
7272,postdebate
7273,mostwanted
7274,turks
7275,slum
7276,cheerleaderearning
7277,throng
7278,rare
7279,carried
7280,extension
7281,linger
7282,column
7283,islamistsecular
7284,sectarian
7285,urged
7286,surge
7287,carries
7288,carrier
7289,sweat
7290,urges
7291,outset
7292,own
7293,travelers
7294,fundraiser
7295,promise
7296,brush
7297,hitting
7298,artifacts
7299,transfer
7300,captains
7301,uniting
7302,resists
7303,californiaoffensive
7304,stymied
7305,funds
7306,volume
7307,mailed
7308,assail
7309,muslimasapplepie
7310,bradley
7311,made
7312,tactics
7313,whether
7314,kurds
7315,record
7316,persian
7317,ruling
7318,broadly
7319,stirring
7320,inadequate
7321,rightwing
7322,trailing
7323,counteract
7324,mutual
7325,offcenter
7326,pills
7327,roars
7328,book
7329,boom
7330,sick
7331,analysiscollision
7332,kinds
7333,courtus
7334,truckers
7335,june
7336,contends
7337,risked
7338,ranks
7339,expands
